Data Source,World Development Indicators,,,,,,,,,,,,,,,,,,,,,,,,,,,,,,,,,,,,,,,,,,,,,,,,,,,,,,,,,,,,,,,,
,,,,,,,,,,,,,,,,,,,,,,,,,,,,,,,,,,,,,,,,,,,,,,,,,,,,,,,,,,,,,,,,,
Last Updated Date,16-09-2022,,,,,,,,,,,,,,,,,,,,,,,,,,,,,,,,,,,,,,,,,,,,,,,,,,,,,,,,,,,,,,,,
,,,,,,,,,,,,,,,,,,,,,,,,,,,,,,,,,,,,,,,,,,,,,,,,,,,,,,,,,,,,,,,,,
Country Name,Country Code,Indicator Name,Indicator Code,1960,1961,1962,1963,1964,1965,1966,1967,1968,1969,1970,1971,1972,1973,1974,1975,1976,1977,1978,1979,1980,1981,1982,1983,1984,1985,1986,1987,1988,1989,1990,1991,1992,1993,1994,1995,1996,1997,1998,1999,2000,2001,2002,2003,2004,2005,2006,2007,2008,2009,2010,2011,2012,2013,2014,2015,2016,2017,2018,2019,2020,2021
Aruba,ABW,"Unemployment with advanced education, female (% of female labor force with advanced education)",SL.UEM.ADVN.FE.ZS,,,,,,,,,,,,,,,,,,,,,,,,,,,,,,,,,,,,,,,,,,,,,,,,,,,,,,,,,,,,,,
Africa Eastern and Southern,AFE,"Unemployment with advanced education, female (% of female labor force with advanced education)",SL.UEM.ADVN.FE.ZS,,,,,,,,,,,,,,,,,,,,,,,,,,,,,,,,,,,,,,,,,,,,,,,,,,,,,,,,,,,,,,
Afghanistan,AFG,"Unemployment with advanced education, female (% of female labor force with advanced education)",SL.UEM.ADVN.FE.ZS,,,,,,,,,,,,,,,,,,,,,,,,,,,,,,,,,,,,,,,,,,,,,,,,,,,,,,,9.960000038,,,30.48999977,,,27.73999977,20.20999908
Africa Western and Central,AFW,"Unemployment with advanced education, female (% of female labor force with advanced education)",SL.UEM.ADVN.FE.ZS,,,,,,,,,,,,,,,,,,,,,,,,,,,,,,,,,,,,,,,,,,,,,,,,,,,,,,,,,,,,,,
Angola,AGO,"Unemployment with advanced education, female (% of female labor force with advanced education)",SL.UEM.ADVN.FE.ZS,,,,,,,,,,,,,,,,,,,,,,,,,,,,,,,,,,,,,,,,,,,,,25.62000084,,,,,5.579999924,,20.80999947,,,6.860000134,,,,,,,
Albania,ALB,"Unemployment with advanced education, female (% of female labor force with advanced education)",SL.UEM.ADVN.FE.ZS,,,,,,,,,,,,,,,,,,,,,,,,,,,,,,,,,,,,,,,,,,,,,,,,15.31000042,15.38000011,18.53000069,14.39000034,18.68000031,19.20999908,16.21999931,18.60000038,21.61000061,17.70999908,14.03999996,15.14000034,15.82999992,,
Andorra,AND,"Unemployment with advanced education, female (% of female labor force with advanced education)",SL.UEM.ADVN.FE.ZS,,,,,,,,,,,,,,,,,,,,,,,,,,,,,,,,,,,,,,,,,,,,,,,,,,,,,,,,,,,,,,
Arab World,ARB,"Unemployment with advanced education, female (% of female labor force with advanced education)",SL.UEM.ADVN.FE.ZS,,,,,,,,,,,,,,,,,,,,,,,,,,,,,,,,,,,,,,,,,,,,,,,,,,,,,,,,,,,,,,
United Arab Emirates,ARE,"Unemployment with advanced education, female (% of female labor force with advanced education)",SL.UEM.ADVN.FE.ZS,,,,,,,,,,,,,,,,,,,,,,,,,,,,,,,,,,,,3.660000086,,,,,,,,,,9.489999771,,,,,,,,,,,,9.699999809,9.100000381,,,
Argentina,ARG,"Unemployment with advanced education, female (% of female labor force with advanced education)",SL.UEM.ADVN.FE.ZS,,,,,,,,,,,,,,,,,,,,,,,,,,,,,,,,,,,,,,,,,,,14.5,13.68999958,6.75,5.659999847,4.389999866,,4.429999828,4.630000114,3.529999971,3.75999999,3.799999952,3.890000105,3.920000076,,,3.970000029,4.199999809,4.400000095,4.900000095,3.430000067
Armenia,ARM,"Unemployment with advanced education, female (% of female labor force with advanced education)",SL.UEM.ADVN.FE.ZS,,,,,,,,,,,,,,,,,,,,,,,,,,,,,,,,,,,,,,,,,,,,,,,,31.44000053,21.29000092,20.64999962,22.92000008,21.43000031,20.09000015,20.38999939,19.84000015,20.40999985,17.68000031,17.90999985,12.72999954,12.44999981,11.72999954,
American Samoa,ASM,"Unemployment with advanced education, female (% of female labor force with advanced education)",SL.UEM.ADVN.FE.ZS,,,,,,,,,,,,,,,,,,,,,,,,,,,,,,,,,,,,,,,,,,,,,,,,,,,,,,,,,,,,,,
Antigua and Barbuda,ATG,"Unemployment with advanced education, female (% of female labor force with advanced education)",SL.UEM.ADVN.FE.ZS,,,,,,,,,,,,,,,,,,,,,,,,,,,,,,,,,,,,,,,,,,,,,,,,,,,,,,,,,,,,,,
Australia,AUS,"Unemployment with advanced education, female (% of female labor force with advanced education)",SL.UEM.ADVN.FE.ZS,,,,,,,,,,,,,,,,,,,,,,,,,,,,,,,,,,,,2.869999886,,4.570000172,3.829999924,,3.410000086,3.25999999,3.420000076,3.339999914,3.119999886,2.99000001,2.470000029,2.670000076,2.539999962,3.309999943,2.960000038,3.430000067,3.410000086,3.25999999,3.730000019,3.630000114,3.579999924,3.359999895,2.960000038,2,3.339999914,
Austria,AUT,"Unemployment with advanced education, female (% of female labor force with advanced education)",SL.UEM.ADVN.FE.ZS,,,,,,,,,,,,,,,,,,,,,,,,,,,,,,,,,,,2.190000057,,,,,,2.480000019,2.349999905,1.870000005,2.359999895,3.289999962,3.299999952,3.619999886,3.380000114,2.150000095,3.25999999,2.829999924,3.160000086,2.809999943,4.179999828,4.170000076,3.730000019,3.369999886,3.230000019,3.339999914,3.369999886,3.75,4.050000191
Azerbaijan,AZE,"Unemployment with advanced education, female (% of female labor force with advanced education)",SL.UEM.ADVN.FE.ZS,,,,,,,,,,,,,,,,,,,,,,,,,,,,,,,,,,,,,,,,,,,,,,,,3.630000114,1.360000014,8.350000381,10.36999989,7.769999981,6.840000153,,5.690000057,5.679999828,5.079999924,5.199999809,4.760000229,,6.380000114,
Burundi,BDI,"Unemployment with advanced education, female (% of female labor force with advanced education)",SL.UEM.ADVN.FE.ZS,,,,,,,,,,,,,,,,,,,,,,,,,,,,,,,,,,,,,,,,,,,,,,,,,,,,,,,23.26000023,,,,,,,
Belgium,BEL,"Unemployment with advanced education, female (% of female labor force with advanced education)",SL.UEM.ADVN.FE.ZS,,,,,,,,,,,,,,,,,,,,,,,,,,,,,,,,,,,,,,,4.619999886,4.590000153,3.140000105,3.400000095,3.650000095,3.690000057,3.779999971,4.559999943,4.949999809,3.869999886,3.690000057,4.599999905,4.630000114,3.809999943,3.920000076,5.170000076,4.71999979,4.300000191,4.389999866,4.679999828,3.329999924,3.049999952,3.299999952,3.470000029
Benin,BEN,"Unemployment with advanced education, female (% of female labor force with advanced education)",SL.UEM.ADVN.FE.ZS,,,,,,,,,,,,,,,,,,,,,,,,,,,,,,,,,,,,,,,,,,,,,,,,,,,,16.18000031,,,,,,,3.859999895,,,
Burkina Faso,BFA,"Unemployment with advanced education, female (% of female labor force with advanced education)",SL.UEM.ADVN.FE.ZS,,,,,,,,,,,,,,,,,,,,,,,,,,,,,,,,,,,,,,,,,,,,,,,,,,,,,,,17.89999962,,,,9.300000191,,,
Bangladesh,BGD,"Unemployment with advanced education, female (% of female labor force with advanced education)",SL.UEM.ADVN.FE.ZS,,,,,,,,,,,,,,,,,,,,,,,,,,,,,,,,,,,,,,,,,,,,,,,10.40999985,,,,7.929999828,,,15.34000015,,,16.78000069,20.82999992,,,,
Bulgaria,BGR,"Unemployment with advanced education, female (% of female labor force with advanced education)",SL.UEM.ADVN.FE.ZS,,,,,,,,,,,,,,,,,,,,,,,,,,,,,,,,,,,,,,,,,6.5,9.159999847,8.729999542,7.349999905,6.21999979,4.230000019,4.130000114,2.49000001,2.529999971,3.039999962,4.539999962,4.960000038,5.539999962,6.380000114,4.820000172,3.890000105,3.269999981,2.859999895,2.220000029,1.960000038,2.359999895,1.950000048
Bahrain,BHR,"Unemployment with advanced education, female (% of female labor force with advanced education)",SL.UEM.ADVN.FE.ZS,,,,,,,,,,,,,,,,,,,,,,,,,,,,,,,,,,,,,,,,,,,,,,,,,,,,,,,,,,,,,,
"Bahamas, The",BHS,"Unemployment with advanced education, female (% of female labor force with advanced education)",SL.UEM.ADVN.FE.ZS,,,,,,,,,,,,,,,,,,,,,,,,,,,,,,,,,,,9.199999809,,,,,,,,,,,,,,,,,,,,,,,,,,,
Bosnia and Herzegovina,BIH,"Unemployment with advanced education, female (% of female labor force with advanced education)",SL.UEM.ADVN.FE.ZS,,,,,,,,,,,,,,,,,,,,,,,,,,,,,,,,,,,,,,,,,,,,,,,,11.30000019,14.93000031,11.10999966,18.35000038,15.97000027,22.54000092,19.71999931,24.53000069,23.43000031,27.30999947,21.76000023,17.09000015,16.19000053,14.72999954,14.68999958
Belarus,BLR,"Unemployment with advanced education, female (% of female labor force with advanced education)",SL.UEM.ADVN.FE.ZS,,,,,,,,,,,,,,,,,,,,,,,,,,,,,,,,,,,,,,,,,,,,,,,,,,,,,,,,,2.680000067,2.819999933,2.460000038,1.850000024,2.769999981,
Belize,BLZ,"Unemployment with advanced education, female (% of female labor force with advanced education)",SL.UEM.ADVN.FE.ZS,,,,,,,,,,,,,,,,,,,,,,,,,,,,,,,,,,,,,,,,,,,,,,6.960000038,,,,,,,10.18999958,7.889999866,7.760000229,6.199999809,7.099999905,4.949999809,,8.520000458,,
Bermuda,BMU,"Unemployment with advanced education, female (% of female labor force with advanced education)",SL.UEM.ADVN.FE.ZS,,,,,,,,,,,,,,,,,,,,,,,,,,,,,,,,,,,,,,,,,1.809999943,,,,,,,,,1.610000014,2.410000086,,5.389999866,,,,,,,,,
Bolivia,BOL,"Unemployment with advanced education, female (% of female labor force with advanced education)",SL.UEM.ADVN.FE.ZS,,,,,,,,,,,,,,,,,,,,,,,,,,,,,,,,,,,,,13.25,8.739999771,,3.769999981,14.59000015,5.010000229,7.460000038,,10.47999954,8.029999733,6.78000021,12.28999996,6.349999905,6.409999847,,3.079999924,5.03000021,5.150000095,3.380000114,4.920000076,7.409999847,7.539999962,6.53000021,8.529999733,15.80000019,
Brazil,BRA,"Unemployment with advanced education, female (% of female labor force with advanced education)",SL.UEM.ADVN.FE.ZS,,,,,,,,,,,,,,,,,,,,,,,,,,,,,,,,,,,,3.190000057,4.110000134,4.039999962,4.690000057,5.53000021,,5.150000095,4.400000095,5.320000172,4.75,4.889999866,5.119999886,5.050000191,5.150000095,5.230000019,,4.820000172,1.730000019,2.319999933,1.669999957,5.880000114,7.21999979,8.149999619,7.920000076,7.96999979,8.600000381,8.829999924
Barbados,BRB,"Unemployment with advanced education, female (% of female labor force with advanced education)",SL.UEM.ADVN.FE.ZS,,,,,,,,,,,,,,,,,,,,,,,,,,,,,,,,,,,,,,3.630000114,,,,,,6.210000038,,,,,,,,,,,,5.260000229,4.679999828,4.559999943,5.550000191,4.960000038,,
Brunei Darussalam,BRN,"Unemployment with advanced education, female (% of female labor force with advanced education)",SL.UEM.ADVN.FE.ZS,,,,,,,,,,,,,,,,,,,,,,,,,,,,,,,,,,,,,,,,,,,,,,,,,,,,,,,4.900000095,,,8.210000038,10.88000011,7.579999924,7.960000038,
Bhutan,BTN,"Unemployment with advanced education, female (% of female labor force with advanced education)",SL.UEM.ADVN.FE.ZS,,,,,,,,,,,,,,,,,,,,,,,,,,,,,,,,,,,,,,,,,,,,,,,,,,,,,10.23999977,29.29000092,,19.13999939,,,,,,
Botswana,BWA,"Unemployment with advanced education, female (% of female labor force with advanced education)",SL.UEM.ADVN.FE.ZS,,,,,,,,,,,,,,,,,,,,,,,,,,,,,,,,,,,,,,,,,,,,,,,7.789999962,,,3.940000057,7.869999886,,,,,,,,,16.69000053,19.18000031,
Central African Republic,CAF,"Unemployment with advanced education, female (% of female labor force with advanced education)",SL.UEM.ADVN.FE.ZS,,,,,,,,,,,,,,,,,,,,,,,,,,,,,,,,,,,,,,,,,,,,,,,,,,,,,,,,,,,,,,
Canada,CAN,"Unemployment with advanced education, female (% of female labor force with advanced education)",SL.UEM.ADVN.FE.ZS,,,,,,,,,,,,,,,,,,,,,,,,,,,,,,,5.590000153,6.880000114,7.090000153,7.789999962,7.349999905,6.789999962,7.150000095,6.570000172,5.670000076,5.230000019,4.630000114,5.090000153,5.269999981,5.440000057,5.190000057,4.909999847,4.550000191,4.210000038,4.289999962,5.210000038,5.519999981,5.329999924,5.239999771,4.929999828,4.880000114,4.860000134,4.989999771,4.760000229,4.460000038,4.159999847,7.53000021,5.769999981
Central Europe and the Baltics,CEB,"Unemployment with advanced education, female (% of female labor force with advanced education)",SL.UEM.ADVN.FE.ZS,,,,,,,,,,,,,,,,,,,,,,,,,,,,,,,,,,,,,,,3.186133476,3.781874533,5.242360626,6.122869711,6.508748053,6.280346033,6.519864244,6.267780916,5.198961076,4.305486485,3.679125172,4.502502621,5.406745248,5.599914521,6.072404462,6.292881265,5.625217388,4.755281132,4.010081649,3.172918693,2.616336219,2.35111606,2.784911485,2.418458445
Switzerland,CHE,"Unemployment with advanced education, female (% of female labor force with advanced education)",SL.UEM.ADVN.FE.ZS,,,,,,,,,,,,,,,,,,,,,,,,,,,,,,,,1.639999986,3.769999981,3.930000067,5.570000172,2.799999952,,,5.440000057,3.470000029,2.00999999,3.160000086,2.609999895,3.210000038,3.470000029,3.859999895,3.150000095,2.940000057,2.420000076,3.480000019,3.599999905,3.849999905,3.569999933,3.859999895,3.640000105,3.730000019,3.619999886,4.630000114,4.260000229,4.010000229,4.199999809,4.03000021
Channel Islands,CHI,"Unemployment with advanced education, female (% of female labor force with advanced education)",SL.UEM.ADVN.FE.ZS,,,,,,,,,,,,,,,,,,,,,,,,,,,,,,,,,,,,,,,,,,,,,,,,,,,,,,,,,,,,,,
Chile,CHL,"Unemployment with advanced education, female (% of female labor force with advanced education)",SL.UEM.ADVN.FE.ZS,,,,,,,,,,,,,,,,,,,,,,,,,,,,,,,,,,,,,,,4.579999924,,2.75999999,,,5.03000021,,,6.400000095,8.470000267,,7.519999981,7.119999886,7.179999828,6.849999905,5.420000076,5.360000134,5.119999886,5.260000229,7.340000153,7.329999924,6.949999809,9.069999695,7.880000114
China,CHN,"Unemployment with advanced education, female (% of female labor force with advanced education)",SL.UEM.ADVN.FE.ZS,,,,,,,,,,,,,,,,,,,,,,,,,,,,,,,,,,,,,,,,,,,,,,,,,,,,,,,,,,,,,,
Cote d'Ivoire,CIV,"Unemployment with advanced education, female (% of female labor force with advanced education)",SL.UEM.ADVN.FE.ZS,,,,,,,,,,,,,,,,,,,,,,,,,,,,,,,,,,,,,,,,,,,,,,,,,,,,,37.75999832,13.18000031,,,14.31999969,22.20000076,,13.13000011,,
Cameroon,CMR,"Unemployment with advanced education, female (% of female labor force with advanced education)",SL.UEM.ADVN.FE.ZS,,,,,,,,,,,,,,,,,,,,,,,,,,,,,,,,,,,,,,,,,,,,,,,,16.54999924,,,,,,,20.06999969,,,,,,,
"Congo, Dem. Rep.",COD,"Unemployment with advanced education, female (% of female labor force with advanced education)",SL.UEM.ADVN.FE.ZS,,,,,,,,,,,,,,,,,,,,,,,,,,,,,,,,,,,,,,,,,,,,,,15.72000027,,,,,,,20.28000069,,,,,,,,,
"Congo, Rep.",COG,"Unemployment with advanced education, female (% of female labor force with advanced education)",SL.UEM.ADVN.FE.ZS,,,,,,,,,,,,,,,,,,,,,,,,,,,,,,,,,,,,,,,,,,,,,,31.30999947,,,,25.54999924,,,,,,,,,,,,
Colombia,COL,"Unemployment with advanced education, female (% of female labor force with advanced education)",SL.UEM.ADVN.FE.ZS,,,,,,,,,,,,,,,,,,,,,,,,,,,,,,,,,,,,,,,,,,,14.52999973,14.01000023,14.57999992,12.77000046,,12.26000023,12.68000031,13.36999989,13.75,13.21000004,13.06000042,12.51000023,11.93000031,11.81999969,12.82999992,12.44999981,12.94999981,13.35999966,,17.47999954
Comoros,COM,"Unemployment with advanced education, female (% of female labor force with advanced education)",SL.UEM.ADVN.FE.ZS,,,,,,,,,,,,,,,,,,,,,,,,,,,,,,,,,,,,,,,,,,,,,,,,,,,,,,,15.90999985,,,,,,,
Cabo Verde,CPV,"Unemployment with advanced education, female (% of female labor force with advanced education)",SL.UEM.ADVN.FE.ZS,,,,,,,,,,,,,,,,,,,,,,,,,,,,,,,,,,,,,,,,,,,,,,,,,,,,,,,,21.25,,12.36999989,6.920000076,10.64000034,,
Costa Rica,CRI,"Unemployment with advanced education, female (% of female labor force with advanced education)",SL.UEM.ADVN.FE.ZS,,,,,,,,,,,,,,,,,,,,,,,,,,,,,,,,,,,,,5.480000019,4.050000191,3.200000048,3.890000105,2.660000086,4.590000153,3.890000105,3.400000095,3.539999962,5.989999771,2.930000067,2.690000057,3.25999999,,5.230000019,6.239999771,7.170000076,4.630000114,6.03000021,6.079999924,6.349999905,5.329999924,5.860000134,6.869999886,10.31000042,7.860000134
Caribbean small states,CSS,"Unemployment with advanced education, female (% of female labor force with advanced education)",SL.UEM.ADVN.FE.ZS,,,,,,,,,,,,,,,,,,,,,,,,,,,,,,,,,,,,,,,,,,,,,,,,,,,,,,,,,6.750542585,,,,,
Cuba,CUB,"Unemployment with advanced education, female (% of female labor force with advanced education)",SL.UEM.ADVN.FE.ZS,,,,,,,,,,,,,,,,,,,,,,,,,,,,,,,,,,,,,,,,,,,,,,,0.579999983,0.5,0.439999998,0.579999983,1.450000048,,,,,,,,,,,
Curacao,CUW,"Unemployment with advanced education, female (% of female labor force with advanced education)",SL.UEM.ADVN.FE.ZS,,,,,,,,,,,,,,,,,,,,,,,,,,,,,,,,,,,,,,,,,,,,,,,,,,,,,,,,,,,14.02000046,,,
Cayman Islands,CYM,"Unemployment with advanced education, female (% of female labor force with advanced education)",SL.UEM.ADVN.FE.ZS,,,,,,,,,,,,,,,,,,,,,,,,,,,,,,,,,,,,,,,,,,,,,,,,,,,,4.380000114,4.71999979,3.269999981,3.430000067,4.25,,,,,,
Cyprus,CYP,"Unemployment with advanced education, female (% of female labor force with advanced education)",SL.UEM.ADVN.FE.ZS,,,,,,,,,,,,,,,,,,,,,,,,,,,,,,,,,,,,,,,,,3.609999895,4.079999924,3.039999962,4.599999905,3.920000076,5.590000153,5.28000021,4.260000229,3.369999886,5.340000153,6.630000114,7.610000134,11.44999981,14.39999962,14.05000019,13.75,11.52999973,10.68000031,7.980000019,7.460000038,6.860000134,6.880000114
Czech Republic,CZE,"Unemployment with advanced education, female (% of female labor force with advanced education)",SL.UEM.ADVN.FE.ZS,,,,,,,,,,,,,,,,,,,,,,,,,,,,,,,,,,,,,1.529999971,1.940000057,2.460000038,3.75,3.980000019,3.25999999,1.820000052,2.400000095,2.069999933,2.730000019,2.75,1.690000057,1.820000052,2.319999933,2.950000048,3.220000029,3.390000105,3.359999895,3.369999886,2.75999999,2.339999914,1.799999952,1.429999948,1.139999986,1.639999986,1.450000048
Germany,DEU,"Unemployment with advanced education, female (% of female labor force with advanced education)",SL.UEM.ADVN.FE.ZS,,,,,,,,,,,,,,,,,,,,,,,,,,,,,,,,,,,,,,,6.639999866,5.75,5.199999809,4.869999886,4.789999962,5.710000038,5.869999886,6.019999981,5.289999962,4.46999979,3.940000057,3.720000029,3.24000001,2.660000086,2.599999905,2.589999914,2.75,2.539999962,2.25999999,1.980000019,1.929999948,1.840000033,2.589999914,2.5
Djibouti,DJI,"Unemployment with advanced education, female (% of female labor force with advanced education)",SL.UEM.ADVN.FE.ZS,,,,,,,,,,,,,,,,,,,,,,,,,,,,,,,,,,,,,,,,,,,,,,,,,,,,,,,,,,22.12999916,,,,
Dominica,DMA,"Unemployment with advanced education, female (% of female labor force with advanced education)",SL.UEM.ADVN.FE.ZS,,,,,,,,,,,,,,,,,,,,,,,,,,,,,,,,,,,,,,,,,,,,,,,,,,,,,,,,,,,,,,
Denmark,DNK,"Unemployment with advanced education, female (% of female labor force with advanced education)",SL.UEM.ADVN.FE.ZS,,,,,,,,,,,,,,,,,,,,,,,,,,,,,,,,,,,,,,,3.660000086,3.5,2.559999943,3.210000038,3.519999981,5.150000095,3.690000057,3.799999952,3.779999971,3.150000095,2.25,3.460000038,4.460000038,5.389999866,5.269999981,4.760000229,5.039999962,4.989999771,4.829999924,4.730000019,4.710000038,4.289999962,4.860000134,3.839999914
Dominican Republic,DOM,"Unemployment with advanced education, female (% of female labor force with advanced education)",SL.UEM.ADVN.FE.ZS,,,,,,,,,,,,,,,,,,,,,,,,,,,,,,,,,,,,,,,,,5.869999886,6.239999771,7.480000019,5.920000076,5.679999828,5.699999809,5.269999981,4.260000229,4.050000191,3.400000095,3.539999962,5.159999847,4.869999886,5.070000172,6.119999886,6.679999828,5.46999979,5.619999886,4.71999979,6.489999771,6.440000057,
Algeria,DZA,"Unemployment with advanced education, female (% of female labor force with advanced education)",SL.UEM.ADVN.FE.ZS,,,,,,,,,,,,,,,,,,,,,,,,,,,,,,,,,,,,,,,,,,,,,35.43000031,,,,,,,,,,,,,25.36000061,,,,
East Asia & Pacific (excluding high income),EAP,"Unemployment with advanced education, female (% of female labor force with advanced education)",SL.UEM.ADVN.FE.ZS,,,,,,,,,,,,,,,,,,,,,,,,,,,,,,,,,,,,,,,,,,,,,,,,,,,,,,,,,,,,,,
Early-demographic dividend,EAR,"Unemployment with advanced education, female (% of female labor force with advanced education)",SL.UEM.ADVN.FE.ZS,,,,,,,,,,,,,,,,,,,,,,,,,,,,,,,,,,,,,,,,,,,,,,14.00057942,,,,,14.01723972,,14.60321346,,,,,,17.30219173,16.65743418,16.27275719,
East Asia & Pacific,EAS,"Unemployment with advanced education, female (% of female labor force with advanced education)",SL.UEM.ADVN.FE.ZS,,,,,,,,,,,,,,,,,,,,,,,,,,,,,,,,,,,,,,,,,,,,,,,,,,,,,,,,,,,,,,
Europe & Central Asia (excluding high income),ECA,"Unemployment with advanced education, female (% of female labor force with advanced education)",SL.UEM.ADVN.FE.ZS,,,,,,,,,,,,,,,,,,,,,,,,,,,,,,,,,,,,,,,,,,,,,,,,,,8.348628929,9.748072674,9.49033513,9.49459157,9.626788991,10.11701802,10.43038847,10.30756183,10.05723427,9.803226691,10.82235347,8.925213072,
Europe & Central Asia,ECS,"Unemployment with advanced education, female (% of female labor force with advanced education)",SL.UEM.ADVN.FE.ZS,,,,,,,,,,,,,,,,,,,,,,,,,,,,,,,,,,,,,,,9.224367796,,,,7.794258338,7.79034392,6.715964577,,5.942038745,5.454469009,5.576163053,6.734376263,7.620568874,8.119242844,9.109900519,9.705489732,9.527189877,9.235774317,8.789638452,8.242084766,7.763138623,7.916936819,7.692263636,
Ecuador,ECU,"Unemployment with advanced education, female (% of female labor force with advanced education)",SL.UEM.ADVN.FE.ZS,,,,,,,,,,,,,,,,,,,,,,,,,,,,,,,,,,,,,,,,,5.71999979,5.210000038,10.68999958,5.599999905,5.369999886,5.159999847,4.679999828,5.260000229,5.400000095,7.929999828,5.920000076,4.909999847,4.650000095,4.28000021,5.039999962,5.710000038,7.28000021,6.889999866,6.099999905,5.989999771,,7.190000057
"Egypt, Arab Rep.",EGY,"Unemployment with advanced education, female (% of female labor force with advanced education)",SL.UEM.ADVN.FE.ZS,,,,,,,,,,,,,,,,,,,,,,,,,,,,,,,,,,,,,,,,,,,,,,,,,24.68000031,29.72999954,33.04000092,31.88999939,32.33000183,34.11000061,31.45999908,32.79000092,30.92000008,31.32999992,34.75999832,,25.63999939,
Euro area,EMU,"Unemployment with advanced education, female (% of female labor force with advanced education)",SL.UEM.ADVN.FE.ZS,,,,,,,,,,,,,,,,,,,,,,,,,,,,,,,,,,,,,,,10.76755448,9.644584884,8.250140966,6.64478799,6.979111673,6.954965814,7.028067407,6.629633592,5.957939485,5.407755142,5.334540953,6.659282884,7.570427626,8.497516269,10.3901652,11.42559549,10.81588848,10.10578829,9.231005492,8.241861931,7.511462076,6.960775606,7.365289665,6.761052968
Eritrea,ERI,"Unemployment with advanced education, female (% of female labor force with advanced education)",SL.UEM.ADVN.FE.ZS,,,,,,,,,,,,,,,,,,,,,,,,,,,,,,,,,,,,,,,,,,,,,,,,,,,,,,,,,,,,,,
Spain,ESP,"Unemployment with advanced education, female (% of female labor force with advanced education)",SL.UEM.ADVN.FE.ZS,,,,,,,,,,,,,,,,,,,,,,,,,,,,,,,,,,,,,,,21.70999908,18.29999924,15.28999996,10.88000011,12.18000031,10.61999989,10.67000008,8.180000305,7.53000021,6.46999979,7.539999962,10.44999981,12.14999962,13.56999969,16.32999992,17.54999924,16.30999947,14.94999981,13.21000004,11.52000046,10.15999985,9.760000229,11.39999962,10.32999992
Estonia,EST,"Unemployment with advanced education, female (% of female labor force with advanced education)",SL.UEM.ADVN.FE.ZS,,,,,,,,,,,,,,,,,,,,,,,,,,,,,,,,,,,,10.38000011,,,5.300000191,6.440000057,,7.260000229,4.760000229,5.809999943,6.980000019,3.970000029,3.170000076,2.24000001,2.859999895,5.800000191,7.800000191,8.579999924,6.21999979,5.869999886,4.75,4.309999943,3.809999943,3.029999971,3.349999905,2.910000086,4.789999962,3.150000095
Ethiopia,ETH,"Unemployment with advanced education, female (% of female labor force with advanced education)",SL.UEM.ADVN.FE.ZS,,,,,,,,,,,,,,,,,,,,,,,,,,,,,,,,,,,,,,,,9.960000038,,,,,,13.93999958,,,,,,,,7.119999886,,,,,,,,
European Union,EUU,"Unemployment with advanced education, female (% of female labor force with advanced education)",SL.UEM.ADVN.FE.ZS,,,,,,,,,,,,,,,,,,,,,,,,,,,,,,,,,,,,,,,9.326609999,8.385150288,7.384723457,6.480466179,6.82659058,6.745862882,6.839406747,6.525410126,5.765522743,5.130930462,4.976576125,6.181359716,7.012698758,7.81836779,9.459059286,10.35086754,9.80517975,9.144298866,8.408528748,7.515996048,6.882456656,6.385798081,6.747392998,6.136625233
Fragile and conflict affected situations,FCS,"Unemployment with advanced education, female (% of female labor force with advanced education)",SL.UEM.ADVN.FE.ZS,,,,,,,,,,,,,,,,,,,,,,,,,,,,,,,,,,,,,,,,,,,,,,,,,,,,,,,,,,,,,,
Finland,FIN,"Unemployment with advanced education, female (% of female labor force with advanced education)",SL.UEM.ADVN.FE.ZS,,,,,,,,,,,,,,,,,,,,,,,,,,,,,,,,,,,,,,,7.369999886,6,6.019999981,4.650000095,4.190000057,4,5.400000095,4.769999981,4.070000172,3.839999914,3.630000114,4.090000153,4.260000229,3.710000038,3.5,4.059999943,4.579999924,5.659999847,5.690000057,5.25,4.230000019,3.700000048,4.489999771,4.28000021
Fiji,FJI,"Unemployment with advanced education, female (% of female labor force with advanced education)",SL.UEM.ADVN.FE.ZS,,,,,,,,,,,,,,,,,,,,,,,,,,,,,,,,,,,,,,,,,,,,,,2.960000038,,,,,,7.059999943,,,2.140000105,,6.260000229,,,,,
France,FRA,"Unemployment with advanced education, female (% of female labor force with advanced education)",SL.UEM.ADVN.FE.ZS,,,,,,,,,,,,,,,,,,,,,,,,,,,,,,,,,,,,,,,8.31000042,7.920000076,6.170000076,5.449999809,5.400000095,6.03000021,6.670000076,6.110000134,5.559999943,5.260000229,4.5,5.320000172,5.260000229,5.349999905,5.449999809,5.889999866,6.28000021,6.099999905,5.849999905,5.440000057,5.429999828,4.900000095,5.150000095,5.159999847
Faroe Islands,FRO,"Unemployment with advanced education, female (% of female labor force with advanced education)",SL.UEM.ADVN.FE.ZS,,,,,,,,,,,,,,,,,,,,,,,,,,,,,,,,,,,,,,,,,,,,,,,,,,,,,,,,,,,,,,
"Micronesia, Fed. Sts.",FSM,"Unemployment with advanced education, female (% of female labor force with advanced education)",SL.UEM.ADVN.FE.ZS,,,,,,,,,,,,,,,,,,,,,,,,,,,,,,,,,,,,,,,,,,,,,,,,,,,,,,,9.010000229,,,,,,,
Gabon,GAB,"Unemployment with advanced education, female (% of female labor force with advanced education)",SL.UEM.ADVN.FE.ZS,,,,,,,,,,,,,,,,,,,,,,,,,,,,,,,,,,,,,,,,,,,,,,,,,,,,,,,,,,,,,,
United Kingdom,GBR,"Unemployment with advanced education, female (% of female labor force with advanced education)",SL.UEM.ADVN.FE.ZS,,,,,,,,,,,,,,,,,,,,,,,,,,,,,,,,,,,,,,,3.460000038,2.49000001,2.190000057,2,2.109999895,1.960000038,2.00999999,2.299999952,2.609999895,2.369999886,2.710000038,3.420000076,3.650000095,4.150000095,4.260000229,3.670000076,3.180000067,2.940000057,3.079999924,2.910000086,2.49000001,2.390000105,,
Georgia,GEO,"Unemployment with advanced education, female (% of female labor force with advanced education)",SL.UEM.ADVN.FE.ZS,,,,,,,,,,,,,,,,,,,,,,,,,,,,,,,,,,,,,,,,9.729999542,,,15.56000042,,,,,,,,,24.21999931,24.17000008,21.34000015,18.92000008,17.03000069,15.69999981,14.67000008,11.39000034,10.46000004,11.18000031,
Ghana,GHA,"Unemployment with advanced education, female (% of female labor force with advanced education)",SL.UEM.ADVN.FE.ZS,,,,,,,,,,,,,,,,,,,,,,,,,,,,,,,,,,,,,,,,,14.27999973,,,,,,4.849999905,,,,8.369999886,,,3.910000086,,5.889999866,,4.71999979,,,,
Gibraltar,GIB,"Unemployment with advanced education, female (% of female labor force with advanced education)",SL.UEM.ADVN.FE.ZS,,,,,,,,,,,,,,,,,,,,,,,,,,,,,,,,,,,,,,,,,,,,,,,,,,,,,,,,,,,,,,
Guinea,GIN,"Unemployment with advanced education, female (% of female labor force with advanced education)",SL.UEM.ADVN.FE.ZS,,,,,,,,,,,,,,,,,,,,,,,,,,,,,,,,,,,,,,,,,,,17.03000069,,,,,,,,,,,,,,,,,19.63999939,,
"Gambia, The",GMB,"Unemployment with advanced education, female (% of female labor force with advanced education)",SL.UEM.ADVN.FE.ZS,,,,,,,,,,,,,,,,,,,,,,,,,,,,,,,,,,,,,,,,,,,,,,,,,,,,,,,,,,,5.949999809,,,
Guinea-Bissau,GNB,"Unemployment with advanced education, female (% of female labor force with advanced education)",SL.UEM.ADVN.FE.ZS,,,,,,,,,,,,,,,,,,,,,,,,,,,,,,,,,,,,,,,,,,,,,,,,,,,,,,,,,,,15.96000004,,,
Equatorial Guinea,GNQ,"Unemployment with advanced education, female (% of female labor force with advanced education)",SL.UEM.ADVN.FE.ZS,,,,,,,,,,,,,,,,,,,,,,,,,,,,,,,,,,,,,,,,,,,,,,,,,,,,,,,,,,,,,,
Greece,GRC,"Unemployment with advanced education, female (% of female labor force with advanced education)",SL.UEM.ADVN.FE.ZS,,,,,,,,,,,,,,,,,,,,,,,,,,,,,,,,,,,,,,,11.11999989,12.57999992,11.90999985,11.02999973,10.56000042,9.710000038,11.88000011,11.72999954,10.32999992,10.06999969,8.390000343,9.93999958,12.94999981,17.70000076,22.15999985,24.48999977,23.01000023,23.13999939,22.22999954,20.39999962,18.39999962,15.85999966,14.88000011,13.55000019
Grenada,GRD,"Unemployment with advanced education, female (% of female labor force with advanced education)",SL.UEM.ADVN.FE.ZS,,,,,,,,,,,,,,,,,,,,,,,,,,,,,,,,,,,,,,,,,,,,,,,,,,,,,,,,,,,,,,
Greenland,GRL,"Unemployment with advanced education, female (% of female labor force with advanced education)",SL.UEM.ADVN.FE.ZS,,,,,,,,,,,,,,,,,,,,,,,,,,,,,,,,,,,,,,,,,,,,,,,,,,,,,,,,,,,,,,
Guatemala,GTM,"Unemployment with advanced education, female (% of female labor force with advanced education)",SL.UEM.ADVN.FE.ZS,,,,,,,,,,,,,,,,,,,,,,,,,,,,,,,,,,,,,,,,,,,,7.639999866,7.289999962,,0.879999995,,,,3.650000095,,6.900000095,2.730000019,3.619999886,1.529999971,2.180000067,4.150000095,4.019999981,4.320000172,,
Guam,GUM,"Unemployment with advanced education, female (% of female labor force with advanced education)",SL.UEM.ADVN.FE.ZS,,,,,,,,,,,,,,,,,,,,,,,,,,,,,,,,,,,,,,,,,,,,,,,,,,,,,,,,,,,,,,
Guyana,GUY,"Unemployment with advanced education, female (% of female labor force with advanced education)",SL.UEM.ADVN.FE.ZS,,,,,,,,,,,,,,,,,,,,,,,,,,,,,,,,,,,,,,,,,,,,,,,,,,,,,,,,,,,5.389999866,5.989999771,,
High income,HIC,"Unemployment with advanced education, female (% of female labor force with advanced education)",SL.UEM.ADVN.FE.ZS,,,,,,,,,,,,,,,,,,,,,,,,,,,,,,,,,,,,,,,7.130989746,6.512598777,5.805649126,5.112874648,5.367381847,5.405640968,5.520647636,5.19276253,4.608982726,4.221054903,4.124669219,5.401040281,5.863845761,6.406814713,7.134239051,7.556084897,7.407022167,6.659173614,6.223335493,6.333451051,6.050561756,5.83224008,7.124331827,5.318429226
"Hong Kong SAR, China",HKG,"Unemployment with advanced education, female (% of female labor force with advanced education)",SL.UEM.ADVN.FE.ZS,,,,,,,,,,,,,,,,,,,,,,,,,,,,,,,,,,,,,,,,,,,3.140000105,,2.619999886,2.74000001,2.299999952,2.430000067,2.109999895,3.279999971,2.769999981,2.24000001,2.470000029,2.470000029,2.539999962,2.960000038,2.75,2.470000029,2.25999999,2.410000086,4.210000038,
Honduras,HND,"Unemployment with advanced education, female (% of female labor force with advanced education)",SL.UEM.ADVN.FE.ZS,,,,,,,,,,,,,,,,,,,,,,,,,,,,,,,,,,,,,,,,,,,,,,6.050000191,5.630000114,4.03000021,4.559999943,4.659999847,7.25,5.900000095,5.329999924,8.06000042,8.869999886,10.06000042,6.110000134,10.65999985,9.380000114,8.029999733,,
Heavily indebted poor countries (HIPC),HPC,"Unemployment with advanced education, female (% of female labor force with advanced education)",SL.UEM.ADVN.FE.ZS,,,,,,,,,,,,,,,,,,,,,,,,,,,,,,,,,,,,,,,,,,,,,,,,,,,,,,,,,,,,,,
Croatia,HRV,"Unemployment with advanced education, female (% of female labor force with advanced education)",SL.UEM.ADVN.FE.ZS,,,,,,,,,,,,,,,,,,,,,,,,,,,,,,,,,,,,,,,,,,,10.01000023,8.479999542,7.659999847,6.460000038,6.889999866,7.400000095,5.710000038,7.019999981,8.779999733,9.590000153,11.25,11.86999989,10.18999958,9.289999962,8.619999886,6.96999979,6.489999771,5.900000095,5.730000019,5.039999962
Haiti,HTI,"Unemployment with advanced education, female (% of female labor force with advanced education)",SL.UEM.ADVN.FE.ZS,,,,,,,,,,,,,,,,,,,,,,,,,,,,,,,,,,,,,,,,,,,,,,,,,,,,,30.67000008,,,,,,,,,
Hungary,HUN,"Unemployment with advanced education, female (% of female labor force with advanced education)",SL.UEM.ADVN.FE.ZS,,,,,,,,,,,,,,,,,,,,,,,,,,,,,,,,,,,,,,,1.830000043,1.029999971,1.279999971,1.340000033,2.190000057,1.419999957,2.839999914,3.049999952,2.660000086,3.170000076,3.109999895,4.059999943,4.300000191,4.369999886,4.710000038,4.28000021,3.430000067,2.599999905,1.830000043,1.799999952,1.710000038,1.580000043,2.069999933,1.820000052
IBRD only,IBD,"Unemployment with advanced education, female (% of female labor force with advanced education)",SL.UEM.ADVN.FE.ZS,,,,,,,,,,,,,,,,,,,,,,,,,,,,,,,,,,,,,,,,,,,,,,,,,,,,,,,,,,,,,,
IDA & IBRD total,IBT,"Unemployment with advanced education, female (% of female labor force with advanced education)",SL.UEM.ADVN.FE.ZS,,,,,,,,,,,,,,,,,,,,,,,,,,,,,,,,,,,,,,,,,,,,,,,,,,,,,,,,,,,,,,
IDA total,IDA,"Unemployment with advanced education, female (% of female labor force with advanced education)",SL.UEM.ADVN.FE.ZS,,,,,,,,,,,,,,,,,,,,,,,,,,,,,,,,,,,,,,,,,,,,,,,,,,,,,,,,,,,,,,
IDA blend,IDB,"Unemployment with advanced education, female (% of female labor force with advanced education)",SL.UEM.ADVN.FE.ZS,,,,,,,,,,,,,,,,,,,,,,,,,,,,,,,,,,,,,,,,,,,,,,,,,,,,,,,,,,,,20.39500798,,
Indonesia,IDN,"Unemployment with advanced education, female (% of female labor force with advanced education)",SL.UEM.ADVN.FE.ZS,,,,,,,,,,,,,,,,,,,,,,,,,,,,,,,11.60000038,13.51000023,14.28999996,16.26000023,19.11000061,,19.06999969,15.47000027,15.07999992,16.29999924,14.22999954,16.65999985,14.06000042,16.76000023,17.94000053,15.72999954,13.22999954,17.20999908,15.47999954,11.36999989,11.55000019,9.680000305,7.03000021,5.849999905,5.400000095,6.239999771,5.449999809,4.409999847,6.039999962,4.75,4.599999905,4.329999924
IDA only,IDX,"Unemployment with advanced education, female (% of female labor force with advanced education)",SL.UEM.ADVN.FE.ZS,,,,,,,,,,,,,,,,,,,,,,,,,,,,,,,,,,,,,,,,,,,,,,,,,,,,,,,,,,,,,,
Isle of Man,IMN,"Unemployment with advanced education, female (% of female labor force with advanced education)",SL.UEM.ADVN.FE.ZS,,,,,,,,,,,,,,,,,,,,,,,,,,,,,,,,,,,,,,,,,,,,,,,,,,,,,,,,,,,,,,
India,IND,"Unemployment with advanced education, female (% of female labor force with advanced education)",SL.UEM.ADVN.FE.ZS,,,,,,,,,,,,,,,,,,,,,,,,,,,,,,,,,,,21.09000015,,,,,,21.12000084,,,,,20.17000008,,,,,16.78000069,,16.61000061,,,,,,24.69000053,23.42000008,22.54999924,
Not classified,INX,"Unemployment with advanced education, female (% of female labor force with advanced education)",SL.UEM.ADVN.FE.ZS,,,,,,,,,,,,,,,,,,,,,,,,,,,,,,,,,,,,,,,,,,,,,,,,,,,,,,,,,,,,,,
Ireland,IRL,"Unemployment with advanced education, female (% of female labor force with advanced education)",SL.UEM.ADVN.FE.ZS,,,,,,,,,,,,,,,,,,,,,,,,,,,,,,,,,,,,,,,4.039999962,2.5,1.960000038,1.769999981,1.840000033,2.480000019,2.349999905,2.480000019,2.579999924,3.029999971,3.900000095,7.079999924,7.769999981,8.06000042,7.909999847,7.699999809,7.079999924,5.860000134,4.980000019,4.159999847,3.869999886,3.210000038,4.21999979,4.139999866
"Iran, Islamic Rep.",IRN,"Unemployment with advanced education, female (% of female labor force with advanced education)",SL.UEM.ADVN.FE.ZS,,,,,,,,,,,,,,,,,,,,,,,,,,,,,,,,,,,,,,,,,,,,,,17.31999969,18.22999954,17.31999969,18.98999977,21.03000069,24.94000053,22.87999916,21.12999916,18.95999908,19.54000092,17.62999916,19.76000023,,28.67000008,26.38999939,23.04999924,
Iraq,IRQ,"Unemployment with advanced education, female (% of female labor force with advanced education)",SL.UEM.ADVN.FE.ZS,,,,,,,,,,,,,,,,,,,,,,,,,,,,,,,,,,,,,,,,,,,,,,,,10.06000042,,,,,17.18000031,,,,,,,,,
Iceland,ISL,"Unemployment with advanced education, female (% of female labor force with advanced education)",SL.UEM.ADVN.FE.ZS,,,,,,,,,,,,,,,,,,,,,,,,,,,,,,,,,,,,0.649999976,1.350000024,1.360000014,1.299999952,,,,,,,,,,,3.380000114,2.99000001,4.039999962,2.289999962,4.079999924,4.5,3.25,1.919999957,1.529999971,1.700000048,2.269999981,3.400000095,4.150000095
Israel,ISR,"Unemployment with advanced education, female (% of female labor force with advanced education)",SL.UEM.ADVN.FE.ZS,,,,,,,,,,,,,,,,,,,,,,,,,,,,,,,,,,,,,5.46999979,,6.710000038,6.690000057,5.619999886,6.03000021,6.880000114,7.309999943,6.730000019,5.710000038,4.619999886,4.389999866,3.900000095,5.389999866,4.630000114,4.340000153,4.119999886,3.869999886,3.75999999,3.700000048,2.869999886,2.730000019,2.650000095,2.980000019,3.099999905,
Italy,ITA,"Unemployment with advanced education, female (% of female labor force with advanced education)",SL.UEM.ADVN.FE.ZS,,,,,,,,,,,,,,,,,,,,,,,,,,,,,,,,,,,,,,,9.899999619,9.760000229,8.569999695,7.46999979,7.619999886,7.539999962,6.460000038,7.690000057,6.46999979,5.590000153,5.739999771,6.670000076,6.849999905,6.570000172,7.760000229,8.609999657,9.18999958,8.5,8.029999733,7.460000038,7.019999981,6.570000172,6.210000038,5.659999847
Jamaica,JAM,"Unemployment with advanced education, female (% of female labor force with advanced education)",SL.UEM.ADVN.FE.ZS,,,,,,,,,,,,,,,,,,,,,,,,,,,,,,,,,,,,,,,,,,,,,,,,,3.109999895,3.619999886,5.25,4.590000153,6.159999847,7.940000057,6.03000021,,7.440000057,6.590000153,3.680000067,3.99000001,4.400000095,
Jordan,JOR,"Unemployment with advanced education, female (% of female labor force with advanced education)",SL.UEM.ADVN.FE.ZS,,,,,,,,,,,,,,,,,,,,,,,,,,,,,,,,,,,,,,,,,,,,,,,,,,,,,,,,,,33.90999985,32.15999985,32.84000015,34.93999863,
Japan,JPN,"Unemployment with advanced education, female (% of female labor force with advanced education)",SL.UEM.ADVN.FE.ZS,,,,,,,,,,,,,,,,,,,,,,,,,,,,,,,,,,,,,,,,,,,4.829999924,4.489999771,,3.99000001,3.269999981,3.460000038,3.50999999,4.010000229,3.930000067,,3.5,3.329999924,,2.630000114,2.549999952,2.319999933,2.50999999,2.029999971,2.380000114,
Kazakhstan,KAZ,"Unemployment with advanced education, female (% of female labor force with advanced education)",SL.UEM.ADVN.FE.ZS,,,,,,,,,,,,,,,,,,,,,,,,,,,,,,,,,,,,,,,,,,,,,,,,,,5.71999979,4.980000019,4.670000076,4.71999979,4.090000153,,,,3.730000019,,,5,
Kenya,KEN,"Unemployment with advanced education, female (% of female labor force with advanced education)",SL.UEM.ADVN.FE.ZS,,,,,,,,,,,,,,,,,,,,,,,,,,,,,,,,,,,,,,,,25.56999969,,,,,,13.81000042,13.81000042,,,,,,,,,,10.02999973,,,14.27999973,,
Kyrgyz Republic,KGZ,"Unemployment with advanced education, female (% of female labor force with advanced education)",SL.UEM.ADVN.FE.ZS,,,,,,,,,,,,,,,,,,,,,,,,,,,,,,,,,,,,,,,,,,,,,5.559999943,65.08999634,40.45999908,,,,,6.590000153,5.550000191,6.730000019,7.860000134,7.630000114,6.130000114,7.429999828,5.699999809,,,
Cambodia,KHM,"Unemployment with advanced education, female (% of female labor force with advanced education)",SL.UEM.ADVN.FE.ZS,,,,,,,,,,,,,,,,,,,,,,,,,,,,,,,,,,,,,,,,,4.829999924,,,,,,,2.660000086,,,,,1.649999976,,1.309999943,,,,,1.25999999,,
Kiribati,KIR,"Unemployment with advanced education, female (% of female labor force with advanced education)",SL.UEM.ADVN.FE.ZS,,,,,,,,,,,,,,,,,,,,,,,,,,,,,,,,,,,,,,,,,,,,,,,,,,,,,,,,1.99000001,,,,,,
St. Kitts and Nevis,KNA,"Unemployment with advanced education, female (% of female labor force with advanced education)",SL.UEM.ADVN.FE.ZS,,,,,,,,,,,,,,,,,,,,,,,,,,,,,,,,,,,,,,,,,,,,,,,,,,,,,,,,,,,,,,
"Korea, Rep.",KOR,"Unemployment with advanced education, female (% of female labor force with advanced education)",SL.UEM.ADVN.FE.ZS,,,,,,,,,,,,,,,,,,,,,,,,,,,,,,,,4.46999979,4.650000095,4.78000021,4.28000021,1.600000024,1.450000048,1.870000005,3.069999933,2.519999981,3.720000029,3.480000019,3.140000105,4.5,4.360000134,3.950000048,3.839999914,3.329999924,3.309999943,3.650000095,3.799999952,3.400000095,3.369999886,3.309999943,3.880000114,4.5,4.53000021,4.440000057,4.420000076,4.150000095,4.420000076,3.920000076
Kuwait,KWT,"Unemployment with advanced education, female (% of female labor force with advanced education)",SL.UEM.ADVN.FE.ZS,,,,,,,,,,,,,,,,,,,,,,,,,,,,,,,,,,,,,,,,,,,,,,,,,,,,,,,,,9.25,,,,,
Latin America & Caribbean (excluding high income),LAC,"Unemployment with advanced education, female (% of female labor force with advanced education)",SL.UEM.ADVN.FE.ZS,,,,,,,,,,,,,,,,,,,,,,,,,,,,,,,,,,,,,,4.663423517,,5.577257324,,5.346740239,8.097892861,8.079876272,6.938190203,6.231856137,4.95445914,6.156043157,6.123069199,6.362627782,,6.210325612,5.902222705,4.905474792,4.610741876,6.705531071,7.558859985,7.874397118,7.759095521,7.9033602,8.01029707,9.257496413
Lao PDR,LAO,"Unemployment with advanced education, female (% of female labor force with advanced education)",SL.UEM.ADVN.FE.ZS,,,,,,,,,,,,,,,,,,,,,,,,,,,,,,,,,,,,,,,,,,,,,,,,,,,2.329999924,,,,,,,5.800000191,,,,
Lebanon,LBN,"Unemployment with advanced education, female (% of female labor force with advanced education)",SL.UEM.ADVN.FE.ZS,,,,,,,,,,,,,,,,,,,,,,,,,,,,,,,,,,,,,,,,,,,,,,,,11.39000034,,,,,,,,,,,,16.53000069,,
Liberia,LBR,"Unemployment with advanced education, female (% of female labor force with advanced education)",SL.UEM.ADVN.FE.ZS,,,,,,,,,,,,,,,,,,,,,,,,,,,,,,,,,,,,,,,,,,,,,,,,,,,5.03000021,,,,,,9.569999695,11.25,,,,
Libya,LBY,"Unemployment with advanced education, female (% of female labor force with advanced education)",SL.UEM.ADVN.FE.ZS,,,,,,,,,,,,,,,,,,,,,,,,,,,,,,,,,,,,,,,,,,,,,,,,,,,,,,,,,,,,,,
St. Lucia,LCA,"Unemployment with advanced education, female (% of female labor force with advanced education)",SL.UEM.ADVN.FE.ZS,,,,,,,,,,,,,,,,,,,,,,,,,,,,,,,,,,,,,,,,,,,,,,,,,,,,,,,,,,18.11000061,8.840000153,11.48999977,11.97999954,12.02000046
Latin America & Caribbean,LCN,"Unemployment with advanced education, female (% of female labor force with advanced education)",SL.UEM.ADVN.FE.ZS,,,,,,,,,,,,,,,,,,,,,,,,,,,,,,,,,,,,,,,,,,5.334027726,8.04974714,7.96997884,6.932492504,6.540800397,5.295421244,6.347017648,6.158225852,6.407038068,,6.345274676,6.022911399,4.888669117,4.605110612,6.593673548,7.399756296,7.761829056,7.698744825,7.829102125,8.136952371,9.215627708
Least developed countries: UN classification,LDC,"Unemployment with advanced education, female (% of female labor force with advanced education)",SL.UEM.ADVN.FE.ZS,,,,,,,,,,,,,,,,,,,,,,,,,,,,,,,,,,,,,,,,,,,,,,,,,,,,,,,,,,,,,,
Low income,LIC,"Unemployment with advanced education, female (% of female labor force with advanced education)",SL.UEM.ADVN.FE.ZS,,,,,,,,,,,,,,,,,,,,,,,,,,,,,,,,,,,,,,,,,,,,,,,,,,,,,,,,,,,,,,
Liechtenstein,LIE,"Unemployment with advanced education, female (% of female labor force with advanced education)",SL.UEM.ADVN.FE.ZS,,,,,,,,,,,,,,,,,,,,,,,,,,,,,,,,,,,,,,,,,,,,,,,,,,,,,,,,,,,,,,
Sri Lanka,LKA,"Unemployment with advanced education, female (% of female labor force with advanced education)",SL.UEM.ADVN.FE.ZS,,,,,,,,,,,,,,,,,,,,,,,,,,,,,,,,,,,,,,,,,,,,,,,,,,10.27000046,16.30999947,12.39999962,10.75,5.619999886,5.579999924,8.75,8.729999542,9.050000191,11.67000008,11.03999996,,
Lower middle income,LMC,"Unemployment with advanced education, female (% of female labor force with advanced education)",SL.UEM.ADVN.FE.ZS,,,,,,,,,,,,,,,,,,,,,,,,,,,,,,,,,,,,,,,,,,,,,,,,,,,16.76948189,,16.94850064,,,,,,19.09435577,17.93820091,,
Low & middle income,LMY,"Unemployment with advanced education, female (% of female labor force with advanced education)",SL.UEM.ADVN.FE.ZS,,,,,,,,,,,,,,,,,,,,,,,,,,,,,,,,,,,,,,,,,,,,,,,,,,,,,,,,,,,,,,
Lesotho,LSO,"Unemployment with advanced education, female (% of female labor force with advanced education)",SL.UEM.ADVN.FE.ZS,,,,,,,,,,,,,,,,,,,,,,,,,,,,,,,,,,,,,,,,,,,,,,,,,,,,,,,,,,,,12.86999989,,
Late-demographic dividend,LTE,"Unemployment with advanced education, female (% of female labor force with advanced education)",SL.UEM.ADVN.FE.ZS,,,,,,,,,,,,,,,,,,,,,,,,,,,,,,,,,,,,,,,,,,,,,,,,,,,,,,,,,,,,,,
Lithuania,LTU,"Unemployment with advanced education, female (% of female labor force with advanced education)",SL.UEM.ADVN.FE.ZS,,,,,,,,,,,,,,,,,,,,,,,,,,,,,,,,,,,,,,2.549999952,7.570000172,9.539999962,8.149999619,5.550000191,7.119999886,6.159999847,6.71999979,3.960000038,,2.170000076,3.019999981,4.420000076,6.869999886,5.150000095,5.159999847,5.25,4.289999962,3.940000057,2.809999943,2.75999999,2.690000057,2.609999895,3.960000038,3.779999971
Luxembourg,LUX,"Unemployment with advanced education, female (% of female labor force with advanced education)",SL.UEM.ADVN.FE.ZS,,,,,,,,,,,,,,,,,,,,,,,,,,,,,,,,,,,,,,,,,,,,5.389999866,5.409999847,4.230000019,3.900000095,3.880000114,3.470000029,4.880000114,4.690000057,4.610000134,4.440000057,4.150000095,3.839999914,5.170000076,3.690000057,4.159999847,4.360000134,3.529999971,5.28000021,4.760000229
Latvia,LVA,"Unemployment with advanced education, female (% of female labor force with advanced education)",SL.UEM.ADVN.FE.ZS,,,,,,,,,,,,,,,,,,,,,,,,,,,,,,,,,,,,,,,6.730000019,5.329999924,7.28000021,,6.679999828,,,4.820000172,4.380000114,3.680000067,4.420000076,7.599999905,10.13000011,6.460000038,5.869999886,6.260000229,5.880000114,5.369999886,4.070000172,3.900000095,3.299999952,3.269999981,4.409999847,4.389999866
"Macao SAR, China",MAC,"Unemployment with advanced education, female (% of female labor force with advanced education)",SL.UEM.ADVN.FE.ZS,,,,,,,,,,,,,,,,,,,,,,,,,,,,,,,,,,,,,1.269999981,3.660000086,3.230000019,3.50999999,3.170000076,2.400000095,1.460000038,3.029999971,,2.019999981,2.609999895,1.75,2.619999886,1.789999962,1.610000014,1.929999948,1.639999986,1.24000001,1.610000014,1.799999952,1.200000048,,,,,
St. Martin (French part),MAF,"Unemployment with advanced education, female (% of female labor force with advanced education)",SL.UEM.ADVN.FE.ZS,,,,,,,,,,,,,,,,,,,,,,,,,,,,,,,,,,,,,,,,,,,,,,,,,,,,,,,,,,,,,,
Morocco,MAR,"Unemployment with advanced education, female (% of female labor force with advanced education)",SL.UEM.ADVN.FE.ZS,,,,,,,,,,,,,,,,,,,,,,,,,,,,,,,,,,,,40.86999893,,,,,,,38.81000137,41.31999969,,,,,,,,,,,,,,,,,,
Monaco,MCO,"Unemployment with advanced education, female (% of female labor force with advanced education)",SL.UEM.ADVN.FE.ZS,,,,,,,,,,,,,,,,,,,,,,,,,,,,,,,,,,,,,,,,,,,,,,,,,,,,,,,,,8.279999733,,,,,
Moldova,MDA,"Unemployment with advanced education, female (% of female labor force with advanced education)",SL.UEM.ADVN.FE.ZS,,,,,,,,,,,,,,,,,,,,,,,,,,,,,,,,,,,,,,,,,,,,,,,,,,,5.940000057,5.639999866,4.340000153,4.010000229,3.160000086,3.670000076,3.670000076,3.069999933,3.369999886,2.720000029,1.070000052,1.190000057
Madagascar,MDG,"Unemployment with advanced education, female (% of female labor force with advanced education)",SL.UEM.ADVN.FE.ZS,,,,,,,,,,,,,,,,,,,,,,,,,,,,,,,,,,,,,,,,,,,,10.68000031,,10.64999962,,,,,,,3,,,9.859999657,,,,,,
Maldives,MDV,"Unemployment with advanced education, female (% of female labor force with advanced education)",SL.UEM.ADVN.FE.ZS,,,,,,,,,,,,,,,,,,,,,,,,,,,,,,,,,,,,,,,,,,,,,,,,,,18.01000023,,,,,1.799999952,,4.360000134,,,2.529999971,,
Middle East & North Africa,MEA,"Unemployment with advanced education, female (% of female labor force with advanced education)",SL.UEM.ADVN.FE.ZS,,,,,,,,,,,,,,,,,,,,,,,,,,,,,,,,,,,,,,,,,,,,,,,,,,,,,,,,,,,,,,
Mexico,MEX,"Unemployment with advanced education, female (% of female labor force with advanced education)",SL.UEM.ADVN.FE.ZS,,,,,,,,,,,,,,,,,,,,,,,,,,,,,,,,,,,,6.989999771,8.359999657,5.760000229,5.949999809,3.440000057,2.849999905,4.300000191,5.139999866,5.960000038,6.670000076,4.329999924,4.489999771,4.789999962,4.429999828,5.090000153,5.75,5.369999886,5.170000076,5.360000134,5.409999847,5.159999847,4.900000095,4.519999981,4.340000153,4.489999771,4.380000114,4.679999828
Marshall Islands,MHL,"Unemployment with advanced education, female (% of female labor force with advanced education)",SL.UEM.ADVN.FE.ZS,,,,,,,,,,,,,,,,,,,,,,,,,,,,,,,,,,,,,,,,,,,,,,,,,,,,,,,,,,,,,,
Middle income,MIC,"Unemployment with advanced education, female (% of female labor force with advanced education)",SL.UEM.ADVN.FE.ZS,,,,,,,,,,,,,,,,,,,,,,,,,,,,,,,,,,,,,,,,,,,,,,,,,,,,,,,,,,,,,,
North Macedonia,MKD,"Unemployment with advanced education, female (% of female labor force with advanced education)",SL.UEM.ADVN.FE.ZS,,,,,,,,,,,,,,,,,,,,,,,,,,,,,,,,,,,,,,,,,,,,,,,22.94000053,23.22999954,23.70999908,24.80999947,24.79999924,26.26000023,26.03000069,26.73999977,24.62999916,22.54999924,20.95999908,21.65999985,20.12000084,15.03999996,15.22000027,11.44999981
Mali,MLI,"Unemployment with advanced education, female (% of female labor force with advanced education)",SL.UEM.ADVN.FE.ZS,,,,,,,,,,,,,,,,,,,,,,,,,,,,,,,,,,,,,,,,,,,,,,,,,,,,,,14.51000023,30.42000008,23.96999931,32.75999832,37.77999878,33.66999817,,29.71999931,
Malta,MLT,"Unemployment with advanced education, female (% of female labor force with advanced education)",SL.UEM.ADVN.FE.ZS,,,,,,,,,,,,,,,,,,,,,,,,,,,,,,,,,,,,,,,,,,,,,,,,,,3.049999952,,2.210000038,2.529999971,2.480000019,2.75999999,2.74000001,2.220000029,2.099999905,2.089999914,2.910000086,2.940000057,2.00999999
Myanmar,MMR,"Unemployment with advanced education, female (% of female labor force with advanced education)",SL.UEM.ADVN.FE.ZS,,,,,,,,,,,,,,,,,,,,,,,,,,,,,,,,,,,,,,,,,,,,,,,,,,,,,,,,4.75,,3.039999962,2.079999924,0.850000024,1.639999986,
Middle East & North Africa (excluding high income),MNA,"Unemployment with advanced education, female (% of female labor force with advanced education)",SL.UEM.ADVN.FE.ZS,,,,,,,,,,,,,,,,,,,,,,,,,,,,,,,,,,,,,,,,,,,,,,,,,,,,,,,,,,,,,,
Montenegro,MNE,"Unemployment with advanced education, female (% of female labor force with advanced education)",SL.UEM.ADVN.FE.ZS,,,,,,,,,,,,,,,,,,,,,,,,,,,,,,,,,,,,,,,,,,,,,,,,,,,,13.89999962,11.43999958,9.479999542,9.899999619,10.64000034,11.35999966,11.30000019,9.800000191,9.81000042,13.27000046,
Mongolia,MNG,"Unemployment with advanced education, female (% of female labor force with advanced education)",SL.UEM.ADVN.FE.ZS,,,,,,,,,,,,,,,,,,,,,,,,,,,,,,,,,,,,,,,,,,,,,,,,,4.610000134,7.840000153,6.369999886,4.570000172,3.849999905,5.849999905,4.510000229,5.329999924,6.010000229,7.050000191,4.889999866,6.21999979,4.829999924,
Northern Mariana Islands,MNP,"Unemployment with advanced education, female (% of female labor force with advanced education)",SL.UEM.ADVN.FE.ZS,,,,,,,,,,,,,,,,,,,,,,,,,,,,,,,,,,,,,,,,,,,,,,,,,,,,,,,,,,,,,,
Mozambique,MOZ,"Unemployment with advanced education, female (% of female labor force with advanced education)",SL.UEM.ADVN.FE.ZS,,,,,,,,,,,,,,,,,,,,,,,,,,,,,,,,,,,,,,,,,,,,,,,,,,,,,,,,12.94999981,,,,,,
Mauritania,MRT,"Unemployment with advanced education, female (% of female labor force with advanced education)",SL.UEM.ADVN.FE.ZS,,,,,,,,,,,,,,,,,,,,,,,,,,,,,,,,,,,,,,,,,,,,,,,,,,,,,38.52000046,,,,,25.60000038,,,,
Mauritius,MUS,"Unemployment with advanced education, female (% of female labor force with advanced education)",SL.UEM.ADVN.FE.ZS,,,,,,,,,,,,,,,,,,,,,,,,,,,,,,,,,,,,,,,,,,13.21000004,11.13000011,4.800000191,6.449999809,9.069999695,5.070000172,6.170000076,2.980000019,4.699999809,6.389999866,,9.31000042,8.720000267,10.14000034,10.72000027,10.21000004,8.56000042,9.039999962,8.579999924,6.78000021,
Malawi,MWI,"Unemployment with advanced education, female (% of female labor force with advanced education)",SL.UEM.ADVN.FE.ZS,,,,,,,,,,,,,,,,,,,,,,,,,,,,,,,,,,,,,,,,,,,,,,1.450000048,,,,,,,,12.89999962,,,,,,,5.510000229,
Malaysia,MYS,"Unemployment with advanced education, female (% of female labor force with advanced education)",SL.UEM.ADVN.FE.ZS,,,,,,,,,,,,,,,,,,,,,,,,,,,,,,,,,,,,,,,,,,,,,,,,,4.360000134,3.440000057,3.74000001,,,,,4.039999962,4.460000038,,4.550000191,4.239999771,4.599999905,
North America,NAC,"Unemployment with advanced education, female (% of female labor force with advanced education)",SL.UEM.ADVN.FE.ZS,,,,,,,,,,,,,,,,,,,,,,,,,,,,,,,,,,,3.803437833,3.603113894,3.533466772,3.122282443,2.823568619,2.633108237,2.483119657,2.948303359,3.440245408,3.535559896,3.341222434,3.068494693,2.796612103,2.72631227,3.233797846,5.047267461,5.284494978,5.1849553,5.014492975,4.500936504,3.944857071,3.377801826,3.247639587,3.079643555,2.784970518,2.684411807,6.15574756,3.915721957
Namibia,NAM,"Unemployment with advanced education, female (% of female labor force with advanced education)",SL.UEM.ADVN.FE.ZS,,,,,,,,,,,,,,,,,,,,,,,,,,,,,,,,,,,,,,,,,,,,,,,,,,,7.900000095,,2.569999933,5.25,7.239999771,,12.71000004,,13.30000019,,,
New Caledonia,NCL,"Unemployment with advanced education, female (% of female labor force with advanced education)",SL.UEM.ADVN.FE.ZS,,,,,,,,,,,,,,,,,,,,,,,,,,,,,,,,,,,,,,,,,,,,,,,,,,,,,,,,,,,,,,
Niger,NER,"Unemployment with advanced education, female (% of female labor force with advanced education)",SL.UEM.ADVN.FE.ZS,,,,,,,,,,,,,,,,,,,,,,,,,,,,,,,,,,,,,,,,,,,,,,,,,,,,6.860000134,,,,,,10.93999958,,,,
Nigeria,NGA,"Unemployment with advanced education, female (% of female labor force with advanced education)",SL.UEM.ADVN.FE.ZS,,,,,,,,,,,,,,,,,,,,,,,,,,,,,,,,,,,,,,,,,,,,,,,,,,,,,,,,,18.25,,,21.42000008,,
Nicaragua,NIC,"Unemployment with advanced education, female (% of female labor force with advanced education)",SL.UEM.ADVN.FE.ZS,,,,,,,,,,,,,,,,,,,,,,,,,,,,,,,,,,,,10.61999989,,,,,,5.940000057,,,,8.720000267,,,,,,,7.559999943,,8.640000343,,,,,,,
Netherlands,NLD,"Unemployment with advanced education, female (% of female labor force with advanced education)",SL.UEM.ADVN.FE.ZS,,,,,,,,,,,,,,,,,,,,,,,,,,,,,,,,,,,,5.75,,,2.910000086,2.049999952,2.140000105,1.610000014,1.679999948,2.019999981,2.589999914,4.210000038,3.5,2.940000057,2.690000057,3.190000057,3.49000001,3.410000086,3.730000019,4.289999962,4.28000021,4.099999905,3.779999971,2.99000001,2.49000001,2.25999999,2.730000019,2.99000001
Norway,NOR,"Unemployment with advanced education, female (% of female labor force with advanced education)",SL.UEM.ADVN.FE.ZS,,,,,,,,,,,,,,,,,,,,,,,,,,,,,,,,,,,,,,,2.880000114,2.079999924,2.170000076,2.150000095,2.5,2.880000114,2.980000019,2.460000038,1.74000001,1.5,1.350000024,1.659999967,1.850000024,1.75,1.360000014,1.879999995,2.359999895,2.49000001,2.619999886,2.140000105,2.140000105,2.029999971,2.529999971,2.609999895
Nepal,NPL,"Unemployment with advanced education, female (% of female labor force with advanced education)",SL.UEM.ADVN.FE.ZS,,,,,,,,,,,,,,,,,,,,,,,,,,,,,,,,,,,,,,,,,,,,,,,,,5.900000095,,,,,,,,,7.679999828,,,,
Nauru,NRU,"Unemployment with advanced education, female (% of female labor force with advanced education)",SL.UEM.ADVN.FE.ZS,,,,,,,,,,,,,,,,,,,,,,,,,,,,,,,,,,,,,,,,,,,,,,,,,,,,,,,,,,,,,,
New Zealand,NZL,"Unemployment with advanced education, female (% of female labor force with advanced education)",SL.UEM.ADVN.FE.ZS,,,,,,,,,,,,,,,,,,,,,,,,,,,,,,,,,,,,1.909999967,,1.450000048,,1.74000001,2.049999952,2.200000048,2.309999943,,4.630000114,3.720000029,3.160000086,2.839999914,3.099999905,4.110000134,4.559999943,4.420000076,4.960000038,4.230000019,3.289999962,2.799999952,2.769999981,2.49000001,2.299999952,2.390000105,3.079999924,
OECD members,OED,"Unemployment with advanced education, female (% of female labor force with advanced education)",SL.UEM.ADVN.FE.ZS,,,,,,,,,,,,,,,,,,,,,,,,,,,,,,,,,,,,,,,7.151361838,6.473688432,5.74835403,5.120288483,6.077337644,6.069820595,6.675410081,5.964225027,4.798912663,5.021622617,5.037639027,6.258173139,6.660582008,7.076509048,7.618269627,7.98260099,7.983830825,7.474607262,7.327356187,7.09075274,6.811487379,7.011224208,6.974899406,6.847695285
Oman,OMN,"Unemployment with advanced education, female (% of female labor force with advanced education)",SL.UEM.ADVN.FE.ZS,,,,,,,,,,,,,,,,,,,,,,,,,,,,,,,,,,,,,2.960000038,,,,,,,,,,,,4.130000114,,,,,,,,16.86000061,,,,,
Other small states,OSS,"Unemployment with advanced education, female (% of female labor force with advanced education)",SL.UEM.ADVN.FE.ZS,,,,,,,,,,,,,,,,,,,,,,,,,,,,,,,,,,,,,,,,,,,,,,,,,,,,,,,,,,,,,,
Pakistan,PAK,"Unemployment with advanced education, female (% of female labor force with advanced education)",SL.UEM.ADVN.FE.ZS,,,,,,,,,,,,,,,,,,,,,,,,,,,,,,,,,,,,,,,,,,,20.68000031,,20.21999931,,2.730000019,1.690000057,3.519999981,1.960000038,4.309999943,3.720000029,,17.43000031,16.59000015,40.18999863,,,13.35000038,28.37000084,,33.86000061
Panama,PAN,"Unemployment with advanced education, female (% of female labor force with advanced education)",SL.UEM.ADVN.FE.ZS,,,,,,,,,,,,,,,,,,,,,,,,,,,,,,,,,,,,,,4.099999905,,,,,,16.90999985,16.27000046,14.59000015,11.05000019,7.900000095,6.789999962,,5.239999771,2.859999895,2.710000038,2.380000114,3.559999943,2.470000029,4.460000038,3.559999943,4.309999943,5.670000076,15.09000015,8.520000458
Peru,PER,"Unemployment with advanced education, female (% of female labor force with advanced education)",SL.UEM.ADVN.FE.ZS,,,,,,,,,,,,,,,,,,,,,,,,,,,,,,,,,,,,,,8.670000076,9.579999924,11.14000034,8.630000114,9.56000042,6.809999943,5.889999866,8.510000229,8.119999886,6.650000095,6,6.21999979,4.300000191,5.730000019,4.789999962,3.589999914,4.590000153,4.179999828,4.460000038,4.429999828,4.889999866,5.809999943,4.289999962,9.270000458,7.440000057
Philippines,PHL,"Unemployment with advanced education, female (% of female labor force with advanced education)",SL.UEM.ADVN.FE.ZS,,,,,,,,,,,,,,,,,,,,,,,,,,,,,,,,,,,,,,,,,,,,,14.47000027,,10,9.050000191,9.5,9.829999924,9.319999695,8.899999619,8.079999924,,8.149999619,7.28000021,6.510000229,3.440000057,3.460000038,,,
Palau,PLW,"Unemployment with advanced education, female (% of female labor force with advanced education)",SL.UEM.ADVN.FE.ZS,,,,,,,,,,,,,,,,,,,,,,,,,,,,,,,,,,,,,,,,,2.380000114,,,,,,,,,,,,,,,,,,,,,
Papua New Guinea,PNG,"Unemployment with advanced education, female (% of female labor force with advanced education)",SL.UEM.ADVN.FE.ZS,,,,,,,,,,,,,,,,,,,,,,,,,,,,,,,,,,,,,,,,,,,,,,,,,,,1.74000001,,,,,,,,,,,
Poland,POL,"Unemployment with advanced education, female (% of female labor force with advanced education)",SL.UEM.ADVN.FE.ZS,,,,,,,,,,,,,,,,,,,,,,,,,,,,,,,,,,,5.960000038,4.920000076,5.150000095,,2.49000001,3.5,5.900000095,6.889999866,7.440000057,7.690000057,8.119999886,7.989999771,6.400000095,5.25,4.230000019,4.71999979,5.329999924,5.829999924,6.21999979,6.360000134,5.300000191,4.329999924,3.559999943,2.640000105,1.970000029,2.160000086,2.069999933,1.950000048
Pre-demographic dividend,PRE,"Unemployment with advanced education, female (% of female labor force with advanced education)",SL.UEM.ADVN.FE.ZS,,,,,,,,,,,,,,,,,,,,,,,,,,,,,,,,,,,,,,,,,,,,,,,,,,,,,,,,,,,,,,
Puerto Rico,PRI,"Unemployment with advanced education, female (% of female labor force with advanced education)",SL.UEM.ADVN.FE.ZS,,,,,,,,,,,,,,,,,,,,,,,,,,,,,,,,,,,,,,,,,,,,,,,,,,,,,,,,,,,,,,
"Korea, Dem. People's Rep.",PRK,"Unemployment with advanced education, female (% of female labor force with advanced education)",SL.UEM.ADVN.FE.ZS,,,,,,,,,,,,,,,,,,,,,,,,,,,,,,,,,,,,,,,,,,,,,,,,,,,,,,,,,,,,,,
Portugal,PRT,"Unemployment with advanced education, female (% of female labor force with advanced education)",SL.UEM.ADVN.FE.ZS,,,,,,,,,,,,,,,,,,,,,,,,,,,,,,,,,,,,,,,3.170000076,3.140000105,2.940000057,3.160000086,5.300000191,6.230000019,4.46999979,6.71999979,7.239999771,8.710000038,8.06000042,6.46999979,7.639999866,8.630000114,11.96000004,13.89000034,11.17000008,9.630000114,8.590000153,6.46999979,5.53000021,5.619999886,5.340000153,4.889999866
Paraguay,PRY,"Unemployment with advanced education, female (% of female labor force with advanced education)",SL.UEM.ADVN.FE.ZS,,,,,,,,,,,,,,,,,,,,,,,,,,,,,,,,,,,,,,,1.409999967,4.099999905,,5.920000076,5.78000021,6.570000172,5.989999771,5.710000038,3.940000057,2.410000086,3.99000001,3.829999924,2.769999981,2.5,3.660000086,3.319999933,3.940000057,3.289999962,4.480000019,3.019999981,,,,
West Bank and Gaza,PSE,"Unemployment with advanced education, female (% of female labor force with advanced education)",SL.UEM.ADVN.FE.ZS,,,,,,,,,,,,,,,,,,,,,,,,,,,,,,,,,,,,,,,,,16.32999992,20.64999962,19.36000061,25.34000015,25.27000046,28.10000038,24.67000008,28.68000031,31.36000061,30.34000015,31.14999962,32.40000153,36.65999985,39.04999924,38.68000031,45.34000015,47.81999969,52.31999969,49.63000107,46.93999863,45.75999832,48.45999908
Pacific island small states,PSS,"Unemployment with advanced education, female (% of female labor force with advanced education)",SL.UEM.ADVN.FE.ZS,,,,,,,,,,,,,,,,,,,,,,,,,,,,,,,,,,,,,,,,,,,,,,,,,,,,,,,,,,,,,,
Post-demographic dividend,PST,"Unemployment with advanced education, female (% of female labor force with advanced education)",SL.UEM.ADVN.FE.ZS,,,,,,,,,,,,,,,,,,,,,,,,,,,,,,,,,,,,,,,7.613819708,6.882067169,5.951588196,5.002614758,5.219795425,5.205298342,5.247657591,4.885041586,4.40992453,4.136538832,4.222579364,5.412782021,5.95843324,6.531824983,7.308178187,7.737857919,7.696945086,7.015036801,6.554232343,5.897697939,5.423299332,5.045917165,6.304732649,5.42273198
French Polynesia,PYF,"Unemployment with advanced education, female (% of female labor force with advanced education)",SL.UEM.ADVN.FE.ZS,,,,,,,,,,,,,,,,,,,,,,,,,,,,,,,,,,,,,,,,,,,,,,,,,,,,,,,,,,,,,,
Qatar,QAT,"Unemployment with advanced education, female (% of female labor force with advanced education)",SL.UEM.ADVN.FE.ZS,,,,,,,,,,,,,,,,,,,,,,,,,,,,,,,,,,,,,,,,,,,,,,,,,,,,,,1.870000005,1.059999943,1.539999962,1.230000019,1.100000024,,0.74000001,0.860000014,
Romania,ROU,"Unemployment with advanced education, female (% of female labor force with advanced education)",SL.UEM.ADVN.FE.ZS,,,,,,,,,,,,,,,,,,,,,,,,,,,,,,,,,,,,1.370000005,1.899999976,,3.589999914,3.019999981,3.109999895,4.210000038,4.309999943,2.859999895,2.960000038,4.25,4.269999981,3.109999895,2.869999886,4.349999905,4.860000134,5.110000134,5.400000095,5.650000095,5.889999866,4.349999905,3.160000086,2.059999943,2.019999981,1.549999952,2.400000095,1.899999976
Russian Federation,RUS,"Unemployment with advanced education, female (% of female labor force with advanced education)",SL.UEM.ADVN.FE.ZS,,,,,,,,,,,,,,,,,,,,,,,,,,,,,,,,,,,,,,,10.06999969,,,,12.30000019,12.72000027,5.110000134,,4.489999771,3.769999981,4.050000191,5.28000021,6.78000021,6,5.110000134,5.179999828,4.730000019,5.199999809,5.400000095,4.909999847,4.809999943,4.320000172,5.539999962,
Rwanda,RWA,"Unemployment with advanced education, female (% of female labor force with advanced education)",SL.UEM.ADVN.FE.ZS,,,,,,,,,,,,,,,,,,,,,,,,,,,,,,,,,,,,,,,,,,,,,,,,,,,,,,,12.96000004,,,23.19000053,24.12000084,20.60000038,22.45000076,
South Asia,SAS,"Unemployment with advanced education, female (% of female labor force with advanced education)",SL.UEM.ADVN.FE.ZS,,,,,,,,,,,,,,,,,,,,,,,,,,,,,,,,,,,21.09000015,,,,,,21.12000084,,,,,20.17000008,,,,,15.79948333,,16.44067455,,,,,,23.026022,23.50404946,22.84234115,
Saudi Arabia,SAU,"Unemployment with advanced education, female (% of female labor force with advanced education)",SL.UEM.ADVN.FE.ZS,,,,,,,,,,,,,,,,,,,,,,,,,,,,,,,,,,,,,,,,,,,,,,,,,,,,,,,,,,30.84000015,29.45000076,28.95000076,30.25,
Sudan,SDN,"Unemployment with advanced education, female (% of female labor force with advanced education)",SL.UEM.ADVN.FE.ZS,,,,,,,,,,,,,,,,,,,,,,,,,,,,,,,,,,,,,,,,,,,,,,,,,,,,48.90999985,,,,,,,,,,
Senegal,SEN,"Unemployment with advanced education, female (% of female labor force with advanced education)",SL.UEM.ADVN.FE.ZS,,,,,,,,,,,,,,,,,,,,,,,,,,,,,,,,,,,,,,,,,,,,,,,,,,,,,,,,20.5,25.48999977,28.37999916,15.72999954,20.43000031,,
Singapore,SGP,"Unemployment with advanced education, female (% of female labor force with advanced education)",SL.UEM.ADVN.FE.ZS,,,,,,,,,,,,,,,,,,,,,,,,,,,,,,,,,,,4.010000229,3.150000095,4.380000114,0.959999979,1.200000048,,,1.090000033,2.200000048,2.410000086,,,4.28000021,4.320000172,4.659999847,4.070000172,3.220000029,2.99000001,3.089999914,2.869999886,,4.050000191,,4.599999905,,,5.230000019,3.569999933
Solomon Islands,SLB,"Unemployment with advanced education, female (% of female labor force with advanced education)",SL.UEM.ADVN.FE.ZS,,,,,,,,,,,,,,,,,,,,,,,,,,,,,,,,,,,,,,,,,,,,,,,,,,,,,,,,,,,,,,
Sierra Leone,SLE,"Unemployment with advanced education, female (% of female labor force with advanced education)",SL.UEM.ADVN.FE.ZS,,,,,,,,,,,,,,,,,,,,,,,,,,,,,,,,,,,,,,,,,,,,,,,,,,,,,,,11.86999989,,,,,,,
El Salvador,SLV,"Unemployment with advanced education, female (% of female labor force with advanced education)",SL.UEM.ADVN.FE.ZS,,,,,,,,,,,,,,,,,,,,,,,,,,,,,,,,,,,,,2.950000048,,,,,,,,,,,,,,5.480000019,4.239999771,6.639999866,4.809999943,3.660000086,5.010000229,8.859999657,5.639999866,5.289999962,7.679999828,7.550000191,
San Marino,SMR,"Unemployment with advanced education, female (% of female labor force with advanced education)",SL.UEM.ADVN.FE.ZS,,,,,,,,,,,,,,,,,,,,,,,,,,,,,,,,,,,,,,,,,,,,,,,,,,10.30000019,11.88000011,,,,,,10.97000027,,,,,
Somalia,SOM,"Unemployment with advanced education, female (% of female labor force with advanced education)",SL.UEM.ADVN.FE.ZS,,,,,,,,,,,,,,,,,,,,,,,,,,,,,,,,,,,,,,,,,,,,,,,,,,,,,,,,,,,,27.85000038,,
Serbia,SRB,"Unemployment with advanced education, female (% of female labor force with advanced education)",SL.UEM.ADVN.FE.ZS,,,,,,,,,,,,,,,,,,,,,,,,,,,,,,,,,,,,,,,,,,,,,,,,,9.720000267,10.68000031,12.85999966,15.96000004,17.87999916,18.78000069,16.80999947,16.38999939,14.77999973,13.26000023,12.26000023,8.93999958,8.31000042,9.470000267
Sub-Saharan Africa (excluding high income),SSA,"Unemployment with advanced education, female (% of female labor force with advanced education)",SL.UEM.ADVN.FE.ZS,,,,,,,,,,,,,,,,,,,,,,,,,,,,,,,,,,,,,,,,,,,,,,,,,,,,,,,,,,,,,,
South Sudan,SSD,"Unemployment with advanced education, female (% of female labor force with advanced education)",SL.UEM.ADVN.FE.ZS,,,,,,,,,,,,,,,,,,,,,,,,,,,,,,,,,,,,,,,,,,,,,,,,,,,,,,,,,,,,,,
Sub-Saharan Africa,SSF,"Unemployment with advanced education, female (% of female labor force with advanced education)",SL.UEM.ADVN.FE.ZS,,,,,,,,,,,,,,,,,,,,,,,,,,,,,,,,,,,,,,,,,,,,,,,,,,,,,,,,,,,,,,
Small states,SST,"Unemployment with advanced education, female (% of female labor force with advanced education)",SL.UEM.ADVN.FE.ZS,,,,,,,,,,,,,,,,,,,,,,,,,,,,,,,,,,,,,,,,,,,,,,,,,,,,,,,,,,,,,,
Sao Tome and Principe,STP,"Unemployment with advanced education, female (% of female labor force with advanced education)",SL.UEM.ADVN.FE.ZS,,,,,,,,,,,,,,,,,,,,,,,,,,,,,,,,,,,,,,,,,,,,,,,,,,,,,,,,,,,,,,
Suriname,SUR,"Unemployment with advanced education, female (% of female labor force with advanced education)",SL.UEM.ADVN.FE.ZS,,,,,,,,,,,,,,,,,,,,,,,,,,,,,,,,,,,,,,,,,,,,,,,,,,,,,,,,,3.980000019,,,,,
Slovak Republic,SVK,"Unemployment with advanced education, female (% of female labor force with advanced education)",SL.UEM.ADVN.FE.ZS,,,,,,,,,,,,,,,,,,,,,,,,,,,,,,,,,,,1.090000033,0.870000005,,0.910000026,4.190000057,4.340000153,4.320000172,4.369999886,4.449999809,5.079999924,6.03000021,5.690000057,4.320000172,5.179999828,4.269999981,4.639999866,5.510000229,6.579999924,7.619999886,8.18999958,7.659999847,6.920000076,6.329999924,4.900000095,3.569999933,2.74000001,3.630000114,3.099999905
Slovenia,SVN,"Unemployment with advanced education, female (% of female labor force with advanced education)",SL.UEM.ADVN.FE.ZS,,,,,,,,,,,,,,,,,,,,,,,,,,,,,,,,,,,,,,,2.200000048,2.930000067,2.890000105,2.230000019,2.890000105,3.680000067,3.210000038,3.150000095,3.839999914,3.839999914,3.630000114,3.329999924,4.440000057,4.940000057,7.070000172,7.010000229,7.610000134,6.650000095,6.5,5.980000019,4.349999905,3.599999905,3.309999943,3.50999999
Sweden,SWE,"Unemployment with advanced education, female (% of female labor force with advanced education)",SL.UEM.ADVN.FE.ZS,,,,,,,,,,,,,,,,,,,,,,,,,,,,,,,,,,,,,,,3.789999962,2.99000001,2.309999943,2.140000105,2.109999895,2.5,3.329999924,4.03000021,4.21999979,3.349999905,3.319999933,4.099999905,4.409999847,3.900000095,3.920000076,4.150000095,4,3.829999924,3.50999999,3.559999943,3.180000067,3.390000105,4.409999847,4.150000095
Eswatini,SWZ,"Unemployment with advanced education, female (% of female labor force with advanced education)",SL.UEM.ADVN.FE.ZS,,,,,,,,,,,,,,,,,,,,,,,,,,,,,,,,,,,,,,,,,,,,,,,,,,,,,,,,,12.82999992,,,,,
Sint Maarten (Dutch part),SXM,"Unemployment with advanced education, female (% of female labor force with advanced education)",SL.UEM.ADVN.FE.ZS,,,,,,,,,,,,,,,,,,,,,,,,,,,,,,,,,,,,,,,,,,,,,,,,,,,,,,,,,,,,,,
Seychelles,SYC,"Unemployment with advanced education, female (% of female labor force with advanced education)",SL.UEM.ADVN.FE.ZS,,,,,,,,,,,,,,,,,,,,,,,,,,,,,,,,,,,,,,,,,,,,,,,,,,,,,,,3.089999914,4.440000057,3.589999914,3.519999981,2.680000067,1.960000038,4.309999943,
Syrian Arab Republic,SYR,"Unemployment with advanced education, female (% of female labor force with advanced education)",SL.UEM.ADVN.FE.ZS,,,,,,,,,,,,,,,,,,,,,,,,,,,,,,,,,,,,,,,,,,,,,,,,,,,,,,,,,,,,,,
Turks and Caicos Islands,TCA,"Unemployment with advanced education, female (% of female labor force with advanced education)",SL.UEM.ADVN.FE.ZS,,,,,,,,,,,,,,,,,,,,,,,,,,,,,,,,,,,,,,,,,,,,,,,,,,,,,,,,,,,,,,
Chad,TCD,"Unemployment with advanced education, female (% of female labor force with advanced education)",SL.UEM.ADVN.FE.ZS,,,,,,,,,,,,,,,,,,,,,,,,,,,,,,,,,,,,,,,,,,,,,,,,,,,,,,,,,,,14.19999981,,,
East Asia & Pacific (IDA & IBRD countries),TEA,"Unemployment with advanced education, female (% of female labor force with advanced education)",SL.UEM.ADVN.FE.ZS,,,,,,,,,,,,,,,,,,,,,,,,,,,,,,,,,,,,,,,,,,,,,,,,,,,,,,,,,,,,,,
Europe & Central Asia (IDA & IBRD countries),TEC,"Unemployment with advanced education, female (% of female labor force with advanced education)",SL.UEM.ADVN.FE.ZS,,,,,,,,,,,,,,,,,,,,,,,,,,,,,,,,,,,,,,,,,,,,,,,6.812436504,6.38242801,6.739722537,7.754306435,8.917474253,8.858585726,8.908943176,9.04454972,9.333481644,9.56368083,9.498449098,9.314910923,9.127473189,10.08016553,8.425687469,
Togo,TGO,"Unemployment with advanced education, female (% of female labor force with advanced education)",SL.UEM.ADVN.FE.ZS,,,,,,,,,,,,,,,,,,,,,,,,,,,,,,,,,,,,,,,,,,,,,,,15.52999973,,,,,10.69999981,,,,12.06000042,,18.51000023,,,,
Thailand,THA,"Unemployment with advanced education, female (% of female labor force with advanced education)",SL.UEM.ADVN.FE.ZS,,,,,,,,,,,,,,,,,,,,,,,,,,,,,,,,,,,,,,,,,,,,,,,,,,,1.940000057,1.860000014,1.399999976,0.720000029,1.330000043,1.480000019,1.639999986,1.730000019,1.700000048,1.610000014,2.220000029,
Tajikistan,TJK,"Unemployment with advanced education, female (% of female labor force with advanced education)",SL.UEM.ADVN.FE.ZS,,,,,,,,,,,,,,,,,,,,,,,,,,,,,,,,,,,,,,,,,,,,4,,,,1.889999986,,6.130000114,,,,,,,,,,,,
Turkmenistan,TKM,"Unemployment with advanced education, female (% of female labor force with advanced education)",SL.UEM.ADVN.FE.ZS,,,,,,,,,,,,,,,,,,,,,,,,,,,,,,,,,,,,,,,,,,,,,,,,,,,,,,,,,,,,,,
Latin America & the Caribbean (IDA & IBRD countries),TLA,"Unemployment with advanced education, female (% of female labor force with advanced education)",SL.UEM.ADVN.FE.ZS,,,,,,,,,,,,,,,,,,,,,,,,,,,,,,,,,,,,,,,,,,5.334027726,8.04974714,7.971825753,6.932492504,6.540800397,5.321028802,6.374579213,6.186237385,6.432050315,,6.345274676,6.022911399,4.888669117,4.605110612,6.594827162,7.401589087,7.763703191,7.699982803,7.830450337,8.136952371,9.215627708
Timor-Leste,TLS,"Unemployment with advanced education, female (% of female labor force with advanced education)",SL.UEM.ADVN.FE.ZS,,,,,,,,,,,,,,,,,,,,,,,,,,,,,,,,,,,,,,,,,,,,,,,,,,,4.329999924,,,2.400000095,,,9.220000267,,,,,
Middle East & North Africa (IDA & IBRD countries),TMN,"Unemployment with advanced education, female (% of female labor force with advanced education)",SL.UEM.ADVN.FE.ZS,,,,,,,,,,,,,,,,,,,,,,,,,,,,,,,,,,,,,,,,,,,,,,,,,,,,,,,,,,,,,,
Tonga,TON,"Unemployment with advanced education, female (% of female labor force with advanced education)",SL.UEM.ADVN.FE.ZS,,,,,,,,,,,,,,,,,,,,,,,,,,,,,,,,,,,,,,,,,,,,,,,,,,,,,,,,,,,3.74000001,,,
South Asia (IDA & IBRD),TSA,"Unemployment with advanced education, female (% of female labor force with advanced education)",SL.UEM.ADVN.FE.ZS,,,,,,,,,,,,,,,,,,,,,,,,,,,,,,,,,,,21.09000015,,,,,,21.12000084,,,,,20.17000008,,,,,15.79948333,,16.44067455,,,,,,23.026022,23.50404946,22.84234115,
Sub-Saharan Africa (IDA & IBRD countries),TSS,"Unemployment with advanced education, female (% of female labor force with advanced education)",SL.UEM.ADVN.FE.ZS,,,,,,,,,,,,,,,,,,,,,,,,,,,,,,,,,,,,,,,,,,,,,,,,,,,,,,,,,,,,,,
Trinidad and Tobago,TTO,"Unemployment with advanced education, female (% of female labor force with advanced education)",SL.UEM.ADVN.FE.ZS,,,,,,,,,,,,,,,,,,,,,,,,,,,,,,,,,,,,,,,,,,,,,,,,,,,1.950000048,1.690000057,2.170000076,2.410000086,1.820000052,2.119999886,2.339999914,,,,,
Tunisia,TUN,"Unemployment with advanced education, female (% of female labor force with advanced education)",SL.UEM.ADVN.FE.ZS,,,,,,,,,,,,,,,,,,,,,,,,,,,,,,,,,,,5.019999981,,,9.979999542,,,,,,,,20.96999931,25.48999977,26.36000061,28.92000008,30.82999992,32.36999893,41.81999969,39.09999847,42,40.81999969,37.36000061,38.36999893,39.09999847,,,,
Turkiye,TUR,"Unemployment with advanced education, female (% of female labor force with advanced education)",SL.UEM.ADVN.FE.ZS,,,,,,,,,,,,,,,,,,,,,,,,,,,,,,,,,,,,,,,,,,,,,16.97999954,14.09000015,10.80000019,11.92000008,12.57999992,14.39999962,14.13000011,13.67000008,13.03999996,13.39999962,15.15999985,15.97999954,16.62000084,17.90999985,16.79999924,18.26000023,16.46999931,
Tuvalu,TUV,"Unemployment with advanced education, female (% of female labor force with advanced education)",SL.UEM.ADVN.FE.ZS,,,,,,,,,,,,,,,,,,,,,,,,,,,,,,,,,,,,,,,,,,,,,,,,,,,,,,,,,,,,,,
Tanzania,TZA,"Unemployment with advanced education, female (% of female labor force with advanced education)",SL.UEM.ADVN.FE.ZS,,,,,,,,,,,,,,,,,,,,,,,,,,,,,,,,,,,,,,,,,,,,,,,14.35000038,,,,,4.050000191,,7.909999847,8.460000038,,,,,,2.329999924,
Uganda,UGA,"Unemployment with advanced education, female (% of female labor force with advanced education)",SL.UEM.ADVN.FE.ZS,,,,,,,,,,,,,,,,,,,,,,,,,,,,,,,,,,,,,,,,,,,,,,,,,,,,,14.63000011,,,,,5.840000153,,,,
Ukraine,UKR,"Unemployment with advanced education, female (% of female labor force with advanced education)",SL.UEM.ADVN.FE.ZS,,,,,,,,,,,,,,,,,,,,,,,,,,,,,,,,,,,,,,,,,,,,,,,,,,,,6.519999981,6.119999886,6.400000095,6.71999979,7.659999847,7.039999962,6.760000229,6.809999943,6.949999809,7.760000229,
Upper middle income,UMC,"Unemployment with advanced education, female (% of female labor force with advanced education)",SL.UEM.ADVN.FE.ZS,,,,,,,,,,,,,,,,,,,,,,,,,,,,,,,,,,,,,,,,,,,,,,,,,,,,,,,,,,,,,,
Uruguay,URY,"Unemployment with advanced education, female (% of female labor force with advanced education)",SL.UEM.ADVN.FE.ZS,,,,,,,,,,,,,,,,,,,,,,,,,,,,,,,,,,,,,,,7.239999771,7.849999905,9.859999657,4.849999905,5.289999962,5.559999943,4.139999866,3.430000067,3.529999971,3.170000076,4.079999924,2.349999905,1.840000033,2,2.220000029,2.019999981,1.889999986,2.480000019,2.589999914,2.400000095,3.059999943,3.019999981,,
United States,USA,"Unemployment with advanced education, female (% of female labor force with advanced education)",SL.UEM.ADVN.FE.ZS,,,,,,,,,,,,,,,,,,,,,,,,,,,,,,,,,,,3.170000076,3.039999962,2.859999895,2.460000038,2.279999971,2.150000095,2.089999914,2.589999914,3.170000076,3.25,3.059999943,2.789999962,2.519999981,2.5,3.099999905,5.03000021,5.260000229,5.170000076,4.989999771,4.449999809,3.819999933,3.150000095,2.960000038,2.789999962,2.480000019,2.410000086,5.960000038,3.579999924
Uzbekistan,UZB,"Unemployment with advanced education, female (% of female labor force with advanced education)",SL.UEM.ADVN.FE.ZS,,,,,,,,,,,,,,,,,,,,,,,,,,,,,,,,,,,,,,,,,,,,,,,,,,,,,,,,,,,,,1.690000057,
St. Vincent and the Grenadines,VCT,"Unemployment with advanced education, female (% of female labor force with advanced education)",SL.UEM.ADVN.FE.ZS,,,,,,,,,,,,,,,,,,,,,,,,,,,,,,,,,,,,,,,,,,,,,,,,,,,,,,,,,,,,,,
"Venezuela, RB",VEN,"Unemployment with advanced education, female (% of female labor force with advanced education)",SL.UEM.ADVN.FE.ZS,,,,,,,,,,,,,,,,,,,,,,,,,,,,,,,,,,,,,,,,,,,,,,11.60999966,9.829999924,8.869999886,7.510000229,7.239999771,8.75,9.489999771,8.989999771,,,,6.050000191,6.099999905,,,,
British Virgin Islands,VGB,"Unemployment with advanced education, female (% of female labor force with advanced education)",SL.UEM.ADVN.FE.ZS,,,,,,,,,,,,,,,,,,,,,,,,,,,,,,,,,,,,,,,,,,,,,,,,,,,,,,,,,,,,,,
Virgin Islands (U.S.),VIR,"Unemployment with advanced education, female (% of female labor force with advanced education)",SL.UEM.ADVN.FE.ZS,,,,,,,,,,,,,,,,,,,,,,,,,,,,,,,,,,,,,,,,,,,,,,,,,,,,,,,,,,,,,,
Vietnam,VNM,"Unemployment with advanced education, female (% of female labor force with advanced education)",SL.UEM.ADVN.FE.ZS,,,,,,,,,,,,,,,,,,,,,,,,,,,,,,,,,,,,,,,,,,,,,,,,,,,2.650000095,2.900000095,3.099999905,4.170000076,4.409999847,5.059999943,5.059999943,4.449999809,2.309999943,2.75,5.889999866,3.609999895
Vanuatu,VUT,"Unemployment with advanced education, female (% of female labor force with advanced education)",SL.UEM.ADVN.FE.ZS,,,,,,,,,,,,,,,,,,,,,,,,,,,,,,,,,,,,,,,,,,,,,,,,,,,,,,,,,,,,,,
World,WLD,"Unemployment with advanced education, female (% of female labor force with advanced education)",SL.UEM.ADVN.FE.ZS,,,,,,,,,,,,,,,,,,,,,,,,,,,,,,,,,,,,,,,,,,,,,,,,,,,,,,,,,,,,,,
Samoa,WSM,"Unemployment with advanced education, female (% of female labor force with advanced education)",SL.UEM.ADVN.FE.ZS,,,,,,,,,,,,,,,,,,,,,,,,,,,,,,,,,,,,,,,,,,,,,,,,,,,,,3.809999943,,,,,6.889999866,,,,
Kosovo,XKX,"Unemployment with advanced education, female (% of female labor force with advanced education)",SL.UEM.ADVN.FE.ZS,,,,,,,,,,,,,,,,,,,,,,,,,,,,,,,,,,,,,,,,,,,,,,,,,,,,,24.37999916,20.19000053,25.44000053,27.37000084,27.89999962,33.83000183,23.21999931,31.82999992,27.72999954,
"Yemen, Rep.",YEM,"Unemployment with advanced education, female (% of female labor force with advanced education)",SL.UEM.ADVN.FE.ZS,,,,,,,,,,,,,,,,,,,,,,,,,,,,,,,,,,,,,,,,,,,,,,,,,,,33.22999954,,,,31.92000008,,,,,,,
South Africa,ZAF,"Unemployment with advanced education, female (% of female labor force with advanced education)",SL.UEM.ADVN.FE.ZS,,,,,,,,,,,,,,,,,,,,,,,,,,,,,,,,,,,,,,,,,6.650000095,8.210000038,8.81000042,6.53000021,4.75,3.420000076,2.799999952,4.730000019,6.590000153,6.519999981,7.46999979,6.650000095,,8.329999924,9.409999847,9.220000267,10.80000019,13.82999992,12.68000031,14.43999958,14.57999992,17.17000008
Zambia,ZMB,"Unemployment with advanced education, female (% of female labor force with advanced education)",SL.UEM.ADVN.FE.ZS,,,,,,,,,,,,,,,,,,,,,,,,,,,,,,,,,,,,,,,,,,,,,,,,,,,,,,,,,,11.27000046,11.68999958,11.71000004,10.85999966,
Zimbabwe,ZWE,"Unemployment with advanced education, female (% of female labor force with advanced education)",SL.UEM.ADVN.FE.ZS,,,,,,,,,,,,,,,,,,,,,,,,,,,,,,,,,,,,,,,,,,,,,,,,,,,,9.420000076,,,15.77000046,,,,,4.650000095,,
